insert into Person (FirstName, LastName, EmergencyContactName, EmergencyContactNumber, EmergencyContactRelation, BankAccNo) values ('Baryram', 'Caygill', 'Steffen', '8252896523', 'Mother', '7625912190');
insert into Person (FirstName, LastName, EmergencyContactName, EmergencyContactNumber, EmergencyContactRelation, BankAccNo) values ('Xylia', 'Helsdon', 'Dorian', '6454776690', 'Father', '2764059300');
insert into Person (FirstName, LastName, EmergencyContactName, EmergencyContactNumber, EmergencyContactRelation, BankAccNo) values ('Paten', 'Dofty', 'Garvin', '9754364958', 'Mother', '7415268862');
insert into Person (FirstName, LastName, EmergencyContactName, EmergencyContactNumber, EmergencyContactRelation, BankAccNo) values ('Mitzi', 'Tuckie', 'Sydney', '7025483721', 'Father', '9152344654');
insert into Person (FirstName, LastName, EmergencyContactName, EmergencyContactNumber, EmergencyContactRelation, BankAccNo) values ('Prudence', 'Raxworthy', 'Ingeberg', '1786672900', 'Father', '2223413033');
insert into Person (FirstName, LastName, EmergencyContactName, EmergencyContactNumber, EmergencyContactRelation, BankAccNo) values ('Luci', 'Chrishop', 'Chanda', '1508553533', 'Father', '6476626987');
insert into Person (FirstName, LastName, EmergencyContactName, EmergencyContactNumber, EmergencyContactRelation, BankAccNo) values ('Gavan', 'Folliss', 'Gene', '4671404253', 'Mother', '1085594355');
insert into Person (FirstName, LastName, EmergencyContactName, EmergencyContactNumber, EmergencyContactRelation, BankAccNo) values ('Lanie', 'Kupec', 'Julian', '3494103162', 'Cousin', '8158313644');
insert into Person (FirstName, LastName, EmergencyContactName, EmergencyContactNumber, EmergencyContactRelation, BankAccNo) values ('Tedmund', 'Bartusek', 'Thedrick', '5868080224', 'Mother', '4882882626');
insert into Person (FirstName, LastName, EmergencyContactName, EmergencyContactNumber, EmergencyContactRelation, BankAccNo) values ('Darlleen', 'Murricanes', 'Kathrine', '3326703621', 'Father', '5052423081');
insert into Person (FirstName, LastName, EmergencyContactName, EmergencyContactNumber, EmergencyContactRelation, BankAccNo) values ('Alica', 'Senter', 'Pansie', '6911427495', 'Father', '5402499471');
insert into Person (FirstName, LastName, EmergencyContactName, EmergencyContactNumber, EmergencyContactRelation, BankAccNo) values ('Maryanne', 'Duffill', 'Quintilla', '1299854560', 'Father', '3254276421');
insert into Person (FirstName, LastName, EmergencyContactName, EmergencyContactNumber, EmergencyContactRelation, BankAccNo) values ('Kimberlyn', 'Farriar', 'Marylee', '4928772514', 'Father', '7417020177');
insert into Person (FirstName, LastName, EmergencyContactName, EmergencyContactNumber, EmergencyContactRelation, BankAccNo) values ('Marion', 'Papaccio', 'Rick', '8702834344', 'Mother', '1034943404');
insert into Person (FirstName, LastName, EmergencyContactName, EmergencyContactNumber, EmergencyContactRelation, BankAccNo) values ('Raimund', 'Cosans', 'Louis', '9578565502', 'Brother', '6668888849');
insert into Person (FirstName, LastName, EmergencyContactName, EmergencyContactNumber, EmergencyContactRelation, BankAccNo) values ('Ash', 'Hane', 'Wolfgang', '4389127474', 'Mother', '4666692380');
insert into Person (FirstName, LastName, EmergencyContactName, EmergencyContactNumber, EmergencyContactRelation, BankAccNo) values ('Garvey', 'De Miranda', 'Izak', '8004571558', 'Sister', '3611760577');
insert into Person (FirstName, LastName, EmergencyContactName, EmergencyContactNumber, EmergencyContactRelation, BankAccNo) values ('Norby', 'Presman', 'Burt', '5025974776', 'Mother', '7526532728');
insert into Person (FirstName, LastName, EmergencyContactName, EmergencyContactNumber, EmergencyContactRelation, BankAccNo) values ('Lacee', 'Lazar', 'Trudi', '9011877671', 'Father', '3488165211');
insert into Person (FirstName, LastName, EmergencyContactName, EmergencyContactNumber, EmergencyContactRelation, BankAccNo) values ('Demetria', 'Joskovitch', 'Malinde', '2186427912', 'Father', '5138705713');
insert into Person (FirstName, LastName, EmergencyContactName, EmergencyContactNumber, EmergencyContactRelation, BankAccNo) values ('Marilin', 'Ginn', 'Audy', '6815970666', 'Father', '5788774852');
insert into Person (FirstName, LastName, EmergencyContactName, EmergencyContactNumber, EmergencyContactRelation, BankAccNo) values ('Calli', 'Beeke', 'Sadie', '5969490626', 'Father', '2948145359');
insert into Person (FirstName, LastName, EmergencyContactName, EmergencyContactNumber, EmergencyContactRelation, BankAccNo) values ('Cecilla', 'Dudson', 'Emylee', '9293198132', 'Father', '5103139192');
insert into Person (FirstName, LastName, EmergencyContactName, EmergencyContactNumber, EmergencyContactRelation, BankAccNo) values ('Estella', 'Klimkov', 'Ronnica', '8981193000', 'Brother', '3431911663');
insert into Person (FirstName, LastName, EmergencyContactName, EmergencyContactNumber, EmergencyContactRelation, BankAccNo) values ('Hyman', 'Taberer', 'Purcell', '7113014110', 'Guardian', '4712838311');
insert into Person (FirstName, LastName, EmergencyContactName, EmergencyContactNumber, EmergencyContactRelation, BankAccNo) values ('Vincenty', 'Caustic', 'Tymon', '2135629375', 'Mother', '4775661507');
insert into Person (FirstName, LastName, EmergencyContactName, EmergencyContactNumber, EmergencyContactRelation, BankAccNo) values ('Gradeigh', 'Drakeford', 'Alick', '6473055710', 'Mother', '9417960825');
insert into Person (FirstName, LastName, EmergencyContactName, EmergencyContactNumber, EmergencyContactRelation, BankAccNo) values ('Kiley', 'Cleave', 'Barrie', '8208572267', 'Mother', '6195000413');
insert into Person (FirstName, LastName, EmergencyContactName, EmergencyContactNumber, EmergencyContactRelation, BankAccNo) values ('Gordy', 'Beattie', 'Bryanty', '8418900163', 'Mother', '4961621684');
insert into Person (FirstName, LastName, EmergencyContactName, EmergencyContactNumber, EmergencyContactRelation, BankAccNo) values ('Melessa', 'Grimmer', 'Rhonda', '1937579560', 'Father', '8628530471');
insert into Person (FirstName, LastName, EmergencyContactName, EmergencyContactNumber, EmergencyContactRelation, BankAccNo) values ('Lorrie', 'Acey', 'Katuscha', '7262021915', 'Father', '9362032301');
insert into Person (FirstName, LastName, EmergencyContactName, EmergencyContactNumber, EmergencyContactRelation, BankAccNo) values ('Darell', 'Hardingham', 'Carissa', '2046416677', 'Father', '1022900043');
insert into Person (FirstName, LastName, EmergencyContactName, EmergencyContactNumber, EmergencyContactRelation, BankAccNo) values ('Mallorie', 'Twydell', 'Teddy', '8239258937', 'Uncle', '1847122186');
insert into Person (FirstName, LastName, EmergencyContactName, EmergencyContactNumber, EmergencyContactRelation, BankAccNo) values ('Maressa', 'MacCole', 'Zoe', '6679068855', 'Guardian', '8444893520');
insert into Person (FirstName, LastName, EmergencyContactName, EmergencyContactNumber, EmergencyContactRelation, BankAccNo) values ('Brad', 'Benjamin', 'Christopher', '3614526761', 'Mother', '6928616958');
insert into Person (FirstName, LastName, EmergencyContactName, EmergencyContactNumber, EmergencyContactRelation, BankAccNo) values ('Virgie', 'Kintish', 'Jeffy', '9735626300', 'Mother', '1208605556');
insert into Person (FirstName, LastName, EmergencyContactName, EmergencyContactNumber, EmergencyContactRelation, BankAccNo) values ('Booth', 'Carder', 'Chalmers', '4288856011', 'Mother', '9374977603');
insert into Person (FirstName, LastName, EmergencyContactName, EmergencyContactNumber, EmergencyContactRelation, BankAccNo) values ('Wait', 'Yakunin', 'Rawley', '5478722575', 'Mother', '1952692687');
insert into Person (FirstName, LastName, EmergencyContactName, EmergencyContactNumber, EmergencyContactRelation, BankAccNo) values ('Roze', 'Barlace', 'Meagan', '5492912180', 'Father', '1938757648');
insert into Person (FirstName, LastName, EmergencyContactName, EmergencyContactNumber, EmergencyContactRelation, BankAccNo) values ('Xymenes', 'Grimshaw', 'Bryan', '4253891237', 'Mother', '6513565631');
insert into Person (FirstName, LastName, EmergencyContactName, EmergencyContactNumber, EmergencyContactRelation, BankAccNo) values ('Ambros', 'Fruish', 'Torin', '3489243760', 'Mother', '7457066843');
insert into Person (FirstName, LastName, EmergencyContactName, EmergencyContactNumber, EmergencyContactRelation, BankAccNo) values ('Shauna', 'Newcombe', 'Vonnie', '2631890928', 'Uncle', '6494403734');
insert into Person (FirstName, LastName, EmergencyContactName, EmergencyContactNumber, EmergencyContactRelation, BankAccNo) values ('Gregory', 'Llewhellin', 'Morten', '5201531584', 'Mother', '3097845682');
insert into Person (FirstName, LastName, EmergencyContactName, EmergencyContactNumber, EmergencyContactRelation, BankAccNo) values ('Vanya', 'Pavelka', 'Jessamyn', '9372554133', 'Sister', '8046501054');
insert into Person (FirstName, LastName, EmergencyContactName, EmergencyContactNumber, EmergencyContactRelation, BankAccNo) values ('Domenic', 'Mac Giany', 'Zacharia', '1707168780', 'Mother', '4942164004');
insert into Person (FirstName, LastName, EmergencyContactName, EmergencyContactNumber, EmergencyContactRelation, BankAccNo) values ('Bartlett', 'Heald', 'Chico', '9085111301', 'Mother', '4988002733');
insert into Person (FirstName, LastName, EmergencyContactName, EmergencyContactNumber, EmergencyContactRelation, BankAccNo) values ('Reinaldo', 'Keune', 'Martino', '2994769673', 'Mother', '7281239693');
insert into Person (FirstName, LastName, EmergencyContactName, EmergencyContactNumber, EmergencyContactRelation, BankAccNo) values ('Gray', 'Gunda', 'Yancy', '3404557014', 'Mother', '7932661358');
insert into Person (FirstName, LastName, EmergencyContactName, EmergencyContactNumber, EmergencyContactRelation, BankAccNo) values ('Lois', 'Russell', 'Jessy', '4471604016', 'Father', '6893119152');
insert into Person (FirstName, LastName, EmergencyContactName, EmergencyContactNumber, EmergencyContactRelation, BankAccNo) values ('Paddie', 'Vasishchev', 'Shaw', '8629933746', 'Uncle', '6572771291');
insert into Person (FirstName, LastName, EmergencyContactName, EmergencyContactNumber, EmergencyContactRelation, BankAccNo) values ('Adrien', 'McCallam', 'Hy', '5353471944', 'Mother', '8397451183');
insert into Person (FirstName, LastName, EmergencyContactName, EmergencyContactNumber, EmergencyContactRelation, BankAccNo) values ('Jemimah', 'Bilyard', 'Carline', '6539904673', 'Father', '3147608962');
insert into Person (FirstName, LastName, EmergencyContactName, EmergencyContactNumber, EmergencyContactRelation, BankAccNo) values ('Nicky', 'Gon', 'Elnore', '8849233357', 'Father', '2951050305');
insert into Person (FirstName, LastName, EmergencyContactName, EmergencyContactNumber, EmergencyContactRelation, BankAccNo) values ('Bernardo', 'Moden', 'Martin', '6634255213', 'Mother', '5774422308');
insert into Person (FirstName, LastName, EmergencyContactName, EmergencyContactNumber, EmergencyContactRelation, BankAccNo) values ('Celestyn', 'Kenna', 'Josee', '6332732995', 'Father', '2746029165');
insert into Person (FirstName, LastName, EmergencyContactName, EmergencyContactNumber, EmergencyContactRelation, BankAccNo) values ('Dacy', 'MacGill', 'Regine', '1592068981', 'Father', '5343070493');
insert into Person (FirstName, LastName, EmergencyContactName, EmergencyContactNumber, EmergencyContactRelation, BankAccNo) values ('Bren', 'Bonny', 'Ninette', '3298190664', 'Guardian', '2196252275');
insert into Person (FirstName, LastName, EmergencyContactName, EmergencyContactNumber, EmergencyContactRelation, BankAccNo) values ('Henrieta', 'Pennuzzi', 'Corrine', '6937230354', 'Father', '2354855343');
insert into Person (FirstName, LastName, EmergencyContactName, EmergencyContactNumber, EmergencyContactRelation, BankAccNo) values ('Dianemarie', 'Sidney', 'Elyssa', '8277903589', 'Father', '3653610342');
insert into Person (FirstName, LastName, EmergencyContactName, EmergencyContactNumber, EmergencyContactRelation, BankAccNo) values ('Teodorico', 'Jeandillou', 'Allan', '2375260605', 'Uncle', '2311285088');
insert into Person (FirstName, LastName, EmergencyContactName, EmergencyContactNumber, EmergencyContactRelation, BankAccNo) values ('Freeland', 'Tatton', 'Ogden', '6041235247', 'Mother', '3794349453');
insert into Person (FirstName, LastName, EmergencyContactName, EmergencyContactNumber, EmergencyContactRelation, BankAccNo) values ('Heinrik', 'Spittles', 'Montague', '8462505807', 'Mother', '4521366766');
insert into Person (FirstName, LastName, EmergencyContactName, EmergencyContactNumber, EmergencyContactRelation, BankAccNo) values ('Jillayne', 'Mussetti', 'Belvia', '1027315141', 'Brother', '4848054096');
insert into Person (FirstName, LastName, EmergencyContactName, EmergencyContactNumber, EmergencyContactRelation, BankAccNo) values ('Lowe', 'Legen', 'Royal', '5909137717', 'Mother', '9151620341');
insert into Person (FirstName, LastName, EmergencyContactName, EmergencyContactNumber, EmergencyContactRelation, BankAccNo) values ('Elisabet', 'Berge', 'Sib', '2802951810', 'Father', '3891331265');
insert into Person (FirstName, LastName, EmergencyContactName, EmergencyContactNumber, EmergencyContactRelation, BankAccNo) values ('Jenni', 'Salvadori', 'Elfrieda', '9751598435', 'Father', '9243060944');
insert into Person (FirstName, LastName, EmergencyContactName, EmergencyContactNumber, EmergencyContactRelation, BankAccNo) values ('Bailie', 'Ainscow', 'Garik', '7001271212', 'Mother', '2953679025');
insert into Person (FirstName, LastName, EmergencyContactName, EmergencyContactNumber, EmergencyContactRelation, BankAccNo) values ('Vivian', 'Eckert', 'Randi', '5106953097', 'Father', '2295779654');
insert into Person (FirstName, LastName, EmergencyContactName, EmergencyContactNumber, EmergencyContactRelation, BankAccNo) values ('Lonna', 'Derrington', 'Giselle', '4306285654', 'Uncle', '9163469875');
insert into Person (FirstName, LastName, EmergencyContactName, EmergencyContactNumber, EmergencyContactRelation, BankAccNo) values ('Derrick', 'Fraanchyonok', 'Sollie', '3287239018', 'Mother', '1058725863');
insert into Person (FirstName, LastName, EmergencyContactName, EmergencyContactNumber, EmergencyContactRelation, BankAccNo) values ('Cassie', 'Smitten', 'Karoly', '5132526969', 'Mother', '6803058278');
insert into Person (FirstName, LastName, EmergencyContactName, EmergencyContactNumber, EmergencyContactRelation, BankAccNo) values ('Nadya', 'Highway', 'Beverlie', '5795131601', 'Guardian', '5573134579');
insert into Person (FirstName, LastName, EmergencyContactName, EmergencyContactNumber, EmergencyContactRelation, BankAccNo) values ('Guglielma', 'Bromage', 'Lorinda', '4985331545', 'Father', '7705443526');
insert into Person (FirstName, LastName, EmergencyContactName, EmergencyContactNumber, EmergencyContactRelation, BankAccNo) values ('Jerrilyn', 'Maymond', 'Clea', '1639608885', 'Father', '5549793484');
insert into Person (FirstName, LastName, EmergencyContactName, EmergencyContactNumber, EmergencyContactRelation, BankAccNo) values ('Adamo', 'Males', 'Calv', '8218565247', 'Mother', '2599955597');
insert into Person (FirstName, LastName, EmergencyContactName, EmergencyContactNumber, EmergencyContactRelation, BankAccNo) values ('Obidiah', 'Ryde', 'Stefan', '1242598291', 'Mother', '2808298485');
insert into Person (FirstName, LastName, EmergencyContactName, EmergencyContactNumber, EmergencyContactRelation, BankAccNo) values ('Humberto', 'Dumphries', 'Oswald', '3349484746', 'Mother', '7877715386');
insert into Person (FirstName, LastName, EmergencyContactName, EmergencyContactNumber, EmergencyContactRelation, BankAccNo) values ('Antony', 'Piscotti', 'Warner', '5605082514', 'Uncle', '3625979363');
insert into Person (FirstName, LastName, EmergencyContactName, EmergencyContactNumber, EmergencyContactRelation, BankAccNo) values ('Arley', 'Neame', 'Penny', '8564171449', 'Mother', '8869554171');
insert into Person (FirstName, LastName, EmergencyContactName, EmergencyContactNumber, EmergencyContactRelation, BankAccNo) values ('Welch', 'Goosey', 'Hale', '8997746344', 'Mother', '2622823193');
insert into Person (FirstName, LastName, EmergencyContactName, EmergencyContactNumber, EmergencyContactRelation, BankAccNo) values ('Adlai', 'Paulitschke', 'Terrill', '2715117669', 'Mother', '9484802661');
insert into Person (FirstName, LastName, EmergencyContactName, EmergencyContactNumber, EmergencyContactRelation, BankAccNo) values ('Jo-anne', 'Hauxley', 'Corie', '1133630168', 'Father', '5844478420');
insert into Person (FirstName, LastName, EmergencyContactName, EmergencyContactNumber, EmergencyContactRelation, BankAccNo) values ('Bryna', 'Bagguley', 'Ivy', '1338286603', 'Father', '4035456195');
insert into Person (FirstName, LastName, EmergencyContactName, EmergencyContactNumber, EmergencyContactRelation, BankAccNo) values ('Evey', 'Langman', 'Adella', '3922004284', 'Guardian', '5305529057');
insert into Person (FirstName, LastName, EmergencyContactName, EmergencyContactNumber, EmergencyContactRelation, BankAccNo) values ('Ashlie', 'Galilee', 'Dael', '4143971233', 'Uncle', '6837540179');
insert into Person (FirstName, LastName, EmergencyContactName, EmergencyContactNumber, EmergencyContactRelation, BankAccNo) values ('Clarita', 'Ligertwood', 'Olive', '6291077688', 'Father', '8026724994');
insert into Person (FirstName, LastName, EmergencyContactName, EmergencyContactNumber, EmergencyContactRelation, BankAccNo) values ('Del', 'Ruller', 'Jerad', '9649750641', 'Mother', '9382317747');
insert into Person (FirstName, LastName, EmergencyContactName, EmergencyContactNumber, EmergencyContactRelation, BankAccNo) values ('Sibilla', 'Balloch', 'Felecia', '5217169094', 'Father', '6855135870');
insert into Person (FirstName, LastName, EmergencyContactName, EmergencyContactNumber, EmergencyContactRelation, BankAccNo) values ('Gelya', 'Yepiskopov', 'Carlin', '7315249186', 'Father', '3183954173');
insert into Person (FirstName, LastName, EmergencyContactName, EmergencyContactNumber, EmergencyContactRelation, BankAccNo) values ('Layla', 'Draper', 'Audi', '6352566063', 'Father', '7355625075');
insert into Person (FirstName, LastName, EmergencyContactName, EmergencyContactNumber, EmergencyContactRelation, BankAccNo) values ('Burnard', 'Henner', 'Tuckie', '8059984576', 'Mother', '3816842327');
insert into Person (FirstName, LastName, EmergencyContactName, EmergencyContactNumber, EmergencyContactRelation, BankAccNo) values ('Gabriele', 'Scargle', 'Berny', '4281244314', 'Sister', '1754336315');
insert into Person (FirstName, LastName, EmergencyContactName, EmergencyContactNumber, EmergencyContactRelation, BankAccNo) values ('Karoly', 'Mc Coughan', 'Jdavie', '7957753892', 'Mother', '4529873757');
insert into Person (FirstName, LastName, EmergencyContactName, EmergencyContactNumber, EmergencyContactRelation, BankAccNo) values ('Kristofer', 'Avann', 'Brander', '5455645822', 'Uncle', '3501385741');
insert into Person (FirstName, LastName, EmergencyContactName, EmergencyContactNumber, EmergencyContactRelation, BankAccNo) values ('Auguste', 'Ixer', 'Sianna', '9223648896', 'Father', '5192922368');
insert into Person (FirstName, LastName, EmergencyContactName, EmergencyContactNumber, EmergencyContactRelation, BankAccNo) values ('Aigneis', 'Fidilis', 'Dolley', '3571568968', 'Father', '1111408611');
insert into Person (FirstName, LastName, EmergencyContactName, EmergencyContactNumber, EmergencyContactRelation, BankAccNo) values ('Chris', 'Trathan', 'Bonny', '7817209955', 'Father', '8924228444');
insert into Person (FirstName, LastName, EmergencyContactName, EmergencyContactNumber, EmergencyContactRelation, BankAccNo) values ('Griselda', 'Tyhurst', 'Sheri', '2821882381', 'Father', '6582285622');
insert into Person (FirstName, LastName, EmergencyContactName, EmergencyContactNumber, EmergencyContactRelation, BankAccNo) values ('Mabelle', 'Hatcher', 'Katherina', '2686131954', 'Sister', '7229111294');
insert into Person (FirstName, LastName, EmergencyContactName, EmergencyContactNumber, EmergencyContactRelation, BankAccNo) values ('Dayna', 'Challicum', 'Darsey', '6077004311', 'Father', '1575969428');
insert into Person (FirstName, LastName, EmergencyContactName, EmergencyContactNumber, EmergencyContactRelation, BankAccNo) values ('Mischa', 'Baraja', 'Pierson', '2208683920', 'Mother', '2956298538');
insert into Person (FirstName, LastName, EmergencyContactName, EmergencyContactNumber, EmergencyContactRelation, BankAccNo) values ('Zoe', 'Tripe', 'Melloney', '5312522446', 'Father', '5434321768');
insert into Person (FirstName, LastName, EmergencyContactName, EmergencyContactNumber, EmergencyContactRelation, BankAccNo) values ('Benjamen', 'Kinneir', 'Jeromy', '9874127306', 'Mother', '2791251702');
insert into Person (FirstName, LastName, EmergencyContactName, EmergencyContactNumber, EmergencyContactRelation, BankAccNo) values ('Faustina', 'Dallyn', 'Beryl', '8511161548', 'Father', '5262974172');
insert into Person (FirstName, LastName, EmergencyContactName, EmergencyContactNumber, EmergencyContactRelation, BankAccNo) values ('Abdel', 'Cassimer', 'Owen', '7335405097', 'Mother', '3222822287');
insert into Person (FirstName, LastName, EmergencyContactName, EmergencyContactNumber, EmergencyContactRelation, BankAccNo) values ('Yolanthe', 'Bimson', 'Aubree', '2946002785', 'Father', '1799045833');
insert into Person (FirstName, LastName, EmergencyContactName, EmergencyContactNumber, EmergencyContactRelation, BankAccNo) values ('Albina', 'Perin', 'Cherin', '5307253442', 'Father', '1356124998');
insert into Person (FirstName, LastName, EmergencyContactName, EmergencyContactNumber, EmergencyContactRelation, BankAccNo) values ('Cinderella', 'Markova', 'Genevieve', '2579108935', 'Father', '5487386025');
insert into Person (FirstName, LastName, EmergencyContactName, EmergencyContactNumber, EmergencyContactRelation, BankAccNo) values ('Kittie', 'Eteen', 'Sherry', '6348018732', 'Father', '7005841112');
insert into Person (FirstName, LastName, EmergencyContactName, EmergencyContactNumber, EmergencyContactRelation, BankAccNo) values ('Lennard', 'Arnopp', 'Tiler', '3029050066', 'Mother', '9654885762');
insert into Person (FirstName, LastName, EmergencyContactName, EmergencyContactNumber, EmergencyContactRelation, BankAccNo) values ('Bjorn', 'Frossell', 'Michail', '4971673217', 'Mother', '4724568174');
insert into Person (FirstName, LastName, EmergencyContactName, EmergencyContactNumber, EmergencyContactRelation, BankAccNo) values ('Kelvin', 'Matveyev', 'Maxwell', '6263197401', 'Guardian', '2427205882');
insert into Person (FirstName, LastName, EmergencyContactName, EmergencyContactNumber, EmergencyContactRelation, BankAccNo) values ('Fawne', 'Mytton', 'Devora', '2999460935', 'Father', '4067110796');
insert into Person (FirstName, LastName, EmergencyContactName, EmergencyContactNumber, EmergencyContactRelation, BankAccNo) values ('Giovanni', 'Fideler', 'Morton', '5194324948', 'Mother', '5852845394');
insert into Person (FirstName, LastName, EmergencyContactName, EmergencyContactNumber, EmergencyContactRelation, BankAccNo) values ('Kesley', 'Crissil', 'Jenni', '6782683443', 'Father', '5393792641');
insert into Person (FirstName, LastName, EmergencyContactName, EmergencyContactNumber, EmergencyContactRelation, BankAccNo) values ('Waring', 'Cannam', 'Baxy', '3373860706', 'Mother', '8216165873');
insert into Person (FirstName, LastName, EmergencyContactName, EmergencyContactNumber, EmergencyContactRelation, BankAccNo) values ('Hewett', 'Dessant', 'Colin', '7801185036', 'Uncle', '5663167053');
insert into Person (FirstName, LastName, EmergencyContactName, EmergencyContactNumber, EmergencyContactRelation, BankAccNo) values ('Karine', 'Millins', 'Devinne', '7136163653', 'Father', '9732784756');
insert into Person (FirstName, LastName, EmergencyContactName, EmergencyContactNumber, EmergencyContactRelation, BankAccNo) values ('Kinnie', 'Cutajar', 'Gaven', '8376293315', 'Mother', '7456502515');
insert into Person (FirstName, LastName, EmergencyContactName, EmergencyContactNumber, EmergencyContactRelation, BankAccNo) values ('Giustino', 'Laycock', 'Neville', '5654682569', 'Mother', '5769402994');
insert into Person (FirstName, LastName, EmergencyContactName, EmergencyContactNumber, EmergencyContactRelation, BankAccNo) values ('Barnaby', 'Stonard', 'Justinian', '6533969323', 'Mother', '4949043066');
insert into Person (FirstName, LastName, EmergencyContactName, EmergencyContactNumber, EmergencyContactRelation, BankAccNo) values ('Conant', 'Rivett', 'Francklin', '8264634790', 'Mother', '9049357934');
insert into Person (FirstName, LastName, EmergencyContactName, EmergencyContactNumber, EmergencyContactRelation, BankAccNo) values ('Queenie', 'Trewin', 'Loni', '1978299973', 'Sister', '2928568292');
insert into Person (FirstName, LastName, EmergencyContactName, EmergencyContactNumber, EmergencyContactRelation, BankAccNo) values ('Micheal', 'Andreix', 'Herc', '4353707675', 'Mother', '2609041950');
insert into Person (FirstName, LastName, EmergencyContactName, EmergencyContactNumber, EmergencyContactRelation, BankAccNo) values ('Stefanie', 'Kobierski', 'Christabel', '4264120192', 'Father', '2017147307');
insert into Person (FirstName, LastName, EmergencyContactName, EmergencyContactNumber, EmergencyContactRelation, BankAccNo) values ('Myrlene', 'Mangeney', 'Cordy', '7254620423', 'Father', '9362304762');
insert into Person (FirstName, LastName, EmergencyContactName, EmergencyContactNumber, EmergencyContactRelation, BankAccNo) values ('Shepperd', 'Dalwood', 'Stanton', '6408419225', 'Mother', '1052583717');
insert into Person (FirstName, LastName, EmergencyContactName, EmergencyContactNumber, EmergencyContactRelation, BankAccNo) values ('Janeen', 'Edgeworth', 'Angelika', '6076303558', 'Father', '2328335757');
insert into Person (FirstName, LastName, EmergencyContactName, EmergencyContactNumber, EmergencyContactRelation, BankAccNo) values ('Arlette', 'Hadlington', 'Flore', '5332068436', 'Father', '8281525349');
insert into Person (FirstName, LastName, EmergencyContactName, EmergencyContactNumber, EmergencyContactRelation, BankAccNo) values ('Alexina', 'Trorey', 'Katina', '5154337686', 'Father', '3847725875');
insert into Person (FirstName, LastName, EmergencyContactName, EmergencyContactNumber, EmergencyContactRelation, BankAccNo) values ('Enos', 'Yarham', 'Ralf', '2238404166', 'Guardian', '9524147397');
insert into Person (FirstName, LastName, EmergencyContactName, EmergencyContactNumber, EmergencyContactRelation, BankAccNo) values ('Huntington', 'Dechelette', 'Harbert', '9879826275', 'Mother', '3717648558');
insert into Person (FirstName, LastName, EmergencyContactName, EmergencyContactNumber, EmergencyContactRelation, BankAccNo) values ('Lenard', 'Sarfass', 'Ezequiel', '2414401392', 'Mother', '2281891851');
insert into Person (FirstName, LastName, EmergencyContactName, EmergencyContactNumber, EmergencyContactRelation, BankAccNo) values ('Tom', 'Beausang', 'Gardy', '5811095073', 'Mother', '6138152002');
insert into Person (FirstName, LastName, EmergencyContactName, EmergencyContactNumber, EmergencyContactRelation, BankAccNo) values ('Kiley', 'Attrie', 'Nannie', '6099619625', 'Father', '1119774095');
insert into Person (FirstName, LastName, EmergencyContactName, EmergencyContactNumber, EmergencyContactRelation, BankAccNo) values ('Ruth', 'Stallworthy', 'Carmelina', '4429347307', 'Father', '7301300912');
insert into Person (FirstName, LastName, EmergencyContactName, EmergencyContactNumber, EmergencyContactRelation, BankAccNo) values ('Mellisa', 'Godbold', 'Kaylil', '2708453814', 'Father', '6997482824');
insert into Person (FirstName, LastName, EmergencyContactName, EmergencyContactNumber, EmergencyContactRelation, BankAccNo) values ('Ruthi', 'Esterbrook', 'Terrie', '7779223650', 'Father', '1811060889');
insert into Person (FirstName, LastName, EmergencyContactName, EmergencyContactNumber, EmergencyContactRelation, BankAccNo) values ('Giustina', 'Trosdall', 'Darell', '4624102200', 'Guardian', '9828900445');
insert into Person (FirstName, LastName, EmergencyContactName, EmergencyContactNumber, EmergencyContactRelation, BankAccNo) values ('Florentia', 'Mildner', 'Gigi', '1116412193', 'Father', '2306633693');
insert into Person (FirstName, LastName, EmergencyContactName, EmergencyContactNumber, EmergencyContactRelation, BankAccNo) values ('Minta', 'Senechell', 'Druci', '6791811740', 'Father', '1174396335');
insert into Person (FirstName, LastName, EmergencyContactName, EmergencyContactNumber, EmergencyContactRelation, BankAccNo) values ('Alvie', 'Downey', 'Ettore', '6823563825', 'Mother', '4562839479');
insert into Person (FirstName, LastName, EmergencyContactName, EmergencyContactNumber, EmergencyContactRelation, BankAccNo) values ('Gael', 'Reffe', 'Kai', '3461712826', 'Father', '6025415614');
insert into Person (FirstName, LastName, EmergencyContactName, EmergencyContactNumber, EmergencyContactRelation, BankAccNo) values ('Bab', 'Arntzen', 'Victoria', '8834098314', 'Father', '6394685861');
insert into Person (FirstName, LastName, EmergencyContactName, EmergencyContactNumber, EmergencyContactRelation, BankAccNo) values ('Belicia', 'Jeffels', 'Haleigh', '1072649987', 'Father', '9334030319');
insert into Person (FirstName, LastName, EmergencyContactName, EmergencyContactNumber, EmergencyContactRelation, BankAccNo) values ('Kristan', 'McEwan', 'Mada', '2823073900', 'Father', '5971767081');
insert into Person (FirstName, LastName, EmergencyContactName, EmergencyContactNumber, EmergencyContactRelation, BankAccNo) values ('Melva', 'Tussaine', 'Sara-ann', '9863007819', 'Father', '5047912322');
insert into Person (FirstName, LastName, EmergencyContactName, EmergencyContactNumber, EmergencyContactRelation, BankAccNo) values ('Daveta', 'Renon', 'Adelaide', '8391208378', 'Father', '3473206873');
insert into Person (FirstName, LastName, EmergencyContactName, EmergencyContactNumber, EmergencyContactRelation, BankAccNo) values ('Kirby', 'Keppie', 'Cornell', '7986939170', 'Mother', '6195626184');
insert into Person (FirstName, LastName, EmergencyContactName, EmergencyContactNumber, EmergencyContactRelation, BankAccNo) values ('Sean', 'Cearley', 'Yankee', '5084955922', 'Mother', '9996395823');
insert into Person (FirstName, LastName, EmergencyContactName, EmergencyContactNumber, EmergencyContactRelation, BankAccNo) values ('Katlin', 'Rohloff', 'Sarena', '1796345654', 'Brother', '3796360442');
insert into Person (FirstName, LastName, EmergencyContactName, EmergencyContactNumber, EmergencyContactRelation, BankAccNo) values ('Morris', 'Silversmid', 'Frederik', '1569770857', 'Mother', '1105159203');
insert into Person (FirstName, LastName, EmergencyContactName, EmergencyContactNumber, EmergencyContactRelation, BankAccNo) values ('Nady', 'Bath', 'Eran', '7255857421', 'Father', '6854663480');
insert into Person (FirstName, LastName, EmergencyContactName, EmergencyContactNumber, EmergencyContactRelation, BankAccNo) values ('Roy', 'Tie', 'Germain', '4439363455', 'Mother', '6887154912');
insert into Person (FirstName, LastName, EmergencyContactName, EmergencyContactNumber, EmergencyContactRelation, BankAccNo) values ('Norma', 'Frostdicke', 'Ellene', '2553453213', 'Father', '3123503600');
insert into Person (FirstName, LastName, EmergencyContactName, EmergencyContactNumber, EmergencyContactRelation, BankAccNo) values ('Karine', 'MacMorland', 'Vilhelmina', '2304522084', 'Father', '3725101173');
insert into Person (FirstName, LastName, EmergencyContactName, EmergencyContactNumber, EmergencyContactRelation, BankAccNo) values ('Nedda', 'Vallentine', 'Adina', '5754586545', 'Father', '2642617898');
insert into Person (FirstName, LastName, EmergencyContactName, EmergencyContactNumber, EmergencyContactRelation, BankAccNo) values ('Allyn', 'Alf', 'Osborn', '9947269401', 'Mother', '3193670634');
insert into Person (FirstName, LastName, EmergencyContactName, EmergencyContactNumber, EmergencyContactRelation, BankAccNo) values ('Jacquette', 'Heinig', 'Wallis', '3913744549', 'Father', '3727222064');
insert into Person (FirstName, LastName, EmergencyContactName, EmergencyContactNumber, EmergencyContactRelation, BankAccNo) values ('Lexi', 'Hallibone', 'Kary', '8997776135', 'Father', '9454840632');
insert into Person (FirstName, LastName, EmergencyContactName, EmergencyContactNumber, EmergencyContactRelation, BankAccNo) values ('Kori', 'Tinkler', 'L;urette', '7667539037', 'Father', '2948067071');
insert into Person (FirstName, LastName, EmergencyContactName, EmergencyContactNumber, EmergencyContactRelation, BankAccNo) values ('Orson', 'Lief', 'Brig', '2243253354', 'Mother', '9868042221');
insert into Person (FirstName, LastName, EmergencyContactName, EmergencyContactNumber, EmergencyContactRelation, BankAccNo) values ('Cilka', 'Dalley', 'Coreen', '2449393780', 'Father', '6868614357');
insert into Person (FirstName, LastName, EmergencyContactName, EmergencyContactNumber, EmergencyContactRelation, BankAccNo) values ('Virginie', 'Buckenham', 'Gelya', '5227009087', 'Father', '4344620835');
insert into Person (FirstName, LastName, EmergencyContactName, EmergencyContactNumber, EmergencyContactRelation, BankAccNo) values ('Silvester', 'Avramchik', 'Nathanil', '2641625540', 'Mother', '9088502952');
insert into Person (FirstName, LastName, EmergencyContactName, EmergencyContactNumber, EmergencyContactRelation, BankAccNo) values ('Westbrooke', 'Dressel', 'Palmer', '4757454593', 'Mother', '1544851592');
insert into Person (FirstName, LastName, EmergencyContactName, EmergencyContactNumber, EmergencyContactRelation, BankAccNo) values ('Edwina', 'Matzeitis', 'Deny', '5554458977', 'Father', '1954517954');
insert into Person (FirstName, LastName, EmergencyContactName, EmergencyContactNumber, EmergencyContactRelation, BankAccNo) values ('Babara', 'Riping', 'Wally', '5842735144', 'Father', '5527345351');
insert into Person (FirstName, LastName, EmergencyContactName, EmergencyContactNumber, EmergencyContactRelation, BankAccNo) values ('Kile', 'O''Teague', 'Claudio', '3668724413', 'Mother', '6715998011');
insert into Person (FirstName, LastName, EmergencyContactName, EmergencyContactNumber, EmergencyContactRelation, BankAccNo) values ('Bondon', 'Radnage', 'Sigmund', '5635702588', 'Mother', '5226067267');
insert into Person (FirstName, LastName, EmergencyContactName, EmergencyContactNumber, EmergencyContactRelation, BankAccNo) values ('Rupert', 'Mulholland', 'Noe', '4758078664', 'Mother', '5085202035');
insert into Person (FirstName, LastName, EmergencyContactName, EmergencyContactNumber, EmergencyContactRelation, BankAccNo) values ('Quentin', 'Birdwistle', 'Emmy', '2286108815', 'Mother', '9911751217');
insert into Person (FirstName, LastName, EmergencyContactName, EmergencyContactNumber, EmergencyContactRelation, BankAccNo) values ('Marietta', 'Fosse', 'Reed', '2757187944', 'Mother', '7699889779');
insert into Person (FirstName, LastName, EmergencyContactName, EmergencyContactNumber, EmergencyContactRelation, BankAccNo) values ('Hyman', 'Cuttles', 'Kendrick', '1222045929', 'Mother', '2597008803');
insert into Person (FirstName, LastName, EmergencyContactName, EmergencyContactNumber, EmergencyContactRelation, BankAccNo) values ('Abeu', 'Nudds', 'Stinky', '2666723434', 'Mother', '9763980598');
insert into Person (FirstName, LastName, EmergencyContactName, EmergencyContactNumber, EmergencyContactRelation, BankAccNo) values ('Bertie', 'Greenshields', 'Berny', '1591547111', 'Mother', '1449577711');
insert into Person (FirstName, LastName, EmergencyContactName, EmergencyContactNumber, EmergencyContactRelation, BankAccNo) values ('Ulrike', 'Calken', 'Othelia', '8779037359', 'Father', '9612104631');
insert into Person (FirstName, LastName, EmergencyContactName, EmergencyContactNumber, EmergencyContactRelation, BankAccNo) values ('Albrecht', 'Cowing', 'Wallache', '7763160669', 'Uncle', '3163422958');
insert into Person (FirstName, LastName, EmergencyContactName, EmergencyContactNumber, EmergencyContactRelation, BankAccNo) values ('Morton', 'Sims', 'Gerri', '4578333307', 'Mother', '7846624135');
insert into Person (FirstName, LastName, EmergencyContactName, EmergencyContactNumber, EmergencyContactRelation, BankAccNo) values ('Brigitte', 'Mungane', 'Melodie', '9769340369', 'Father', '1359519220');
insert into Person (FirstName, LastName, EmergencyContactName, EmergencyContactNumber, EmergencyContactRelation, BankAccNo) values ('Lazaro', 'Worden', 'Brock', '6779662480', 'Mother', '4659178937');
insert into Person (FirstName, LastName, EmergencyContactName, EmergencyContactNumber, EmergencyContactRelation, BankAccNo) values ('Kristal', 'Garnall', 'Livvy', '4338882537', 'Father', '3153862444');
insert into Person (FirstName, LastName, EmergencyContactName, EmergencyContactNumber, EmergencyContactRelation, BankAccNo) values ('Loria', 'Bourdon', 'Betteann', '8063964653', 'Father', '8757035546');
insert into Person (FirstName, LastName, EmergencyContactName, EmergencyContactNumber, EmergencyContactRelation, BankAccNo) values ('Cherida', 'Lafranconi', 'Reiko', '9061275449', 'Father', '3645582866');
insert into Person (FirstName, LastName, EmergencyContactName, EmergencyContactNumber, EmergencyContactRelation, BankAccNo) values ('Darrelle', 'Croad', 'Rhianna', '6887595164', 'Father', '7815141450');
insert into Person (FirstName, LastName, EmergencyContactName, EmergencyContactNumber, EmergencyContactRelation, BankAccNo) values ('Darrell', 'Blewmen', 'Zebadiah', '9189529047', 'Mother', '1589075016');
insert into Person (FirstName, LastName, EmergencyContactName, EmergencyContactNumber, EmergencyContactRelation, BankAccNo) values ('Bil', 'Mainland', 'Gabbie', '7681745486', 'Mother', '3597500120');
insert into Person (FirstName, LastName, EmergencyContactName, EmergencyContactNumber, EmergencyContactRelation, BankAccNo) values ('Chad', 'Manilo', 'Kerstin', '7581548106', 'Father', '1868028261');
insert into Person (FirstName, LastName, EmergencyContactName, EmergencyContactNumber, EmergencyContactRelation, BankAccNo) values ('Pat', 'Phillimore', 'Sunshine', '4485759275', 'Father', '7324168762');
insert into Person (FirstName, LastName, EmergencyContactName, EmergencyContactNumber, EmergencyContactRelation, BankAccNo) values ('Aloysius', 'Manby', 'Allie', '6741650315', 'Mother', '4075274179');
insert into Person (FirstName, LastName, EmergencyContactName, EmergencyContactNumber, EmergencyContactRelation, BankAccNo) values ('Thadeus', 'Lemerie', 'Kippie', '1838513630', 'Brother', '9251916542');
insert into Person (FirstName, LastName, EmergencyContactName, EmergencyContactNumber, EmergencyContactRelation, BankAccNo) values ('Jasmina', 'Iddins', 'Mavra', '1151579852', 'Father', '7833952303');
insert into Person (FirstName, LastName, EmergencyContactName, EmergencyContactNumber, EmergencyContactRelation, BankAccNo) values ('Corrie', 'Bolf', 'Carry', '7638771091', 'Father', '6525069313');
insert into Person (FirstName, LastName, EmergencyContactName, EmergencyContactNumber, EmergencyContactRelation, BankAccNo) values ('Alma', 'Fritchly', 'Shayla', '3853992674', 'Father', '4733917211');
insert into Person (FirstName, LastName, EmergencyContactName, EmergencyContactNumber, EmergencyContactRelation, BankAccNo) values ('Glory', 'Farnorth', 'Drusi', '3253165239', 'Father', '7902423755');
insert into Person (FirstName, LastName, EmergencyContactName, EmergencyContactNumber, EmergencyContactRelation, BankAccNo) values ('Fancy', 'Noods', 'Coralyn', '3176135275', 'Father', '1814167640');
insert into Person (FirstName, LastName, EmergencyContactName, EmergencyContactNumber, EmergencyContactRelation, BankAccNo) values ('Arvie', 'Northall', 'Dallas', '2573107172', 'Mother', '1856574822');
insert into Person (FirstName, LastName, EmergencyContactName, EmergencyContactNumber, EmergencyContactRelation, BankAccNo) values ('Udall', 'Grier', 'Hubie', '6695841748', 'Mother', '9015273956');
insert into Person (FirstName, LastName, EmergencyContactName, EmergencyContactNumber, EmergencyContactRelation, BankAccNo) values ('Bryan', 'Mathieu', 'Nevin', '4061896747', 'Mother', '1835236509');
insert into Person (FirstName, LastName, EmergencyContactName, EmergencyContactNumber, EmergencyContactRelation, BankAccNo) values ('Zachariah', 'Breese', 'Padgett', '7507658879', 'Mother', '1195134464');
insert into Person (FirstName, LastName, EmergencyContactName, EmergencyContactNumber, EmergencyContactRelation, BankAccNo) values ('Marlane', 'Chattoe', 'Krissy', '3689478917', 'Wife', '7486924953');
insert into Person (FirstName, LastName, EmergencyContactName, EmergencyContactNumber, EmergencyContactRelation, BankAccNo) values ('Arden', 'Coppock.', 'Maiga', '2927274733', 'Sister', '9134397809');
insert into Person (FirstName, LastName, EmergencyContactName, EmergencyContactNumber, EmergencyContactRelation, BankAccNo) values ('Letisha', 'Chown', 'Emmalee', '5244065554', 'Brother', '5715366111');
insert into Person (FirstName, LastName, EmergencyContactName, EmergencyContactNumber, EmergencyContactRelation, BankAccNo) values ('Gordan', 'Gockelen', 'Lemmie', '8223266567', 'Father', '1301580265');
insert into Person (FirstName, LastName, EmergencyContactName, EmergencyContactNumber, EmergencyContactRelation, BankAccNo) values ('Aeriel', 'Toon', 'Janet', '4702333967', 'Father', '9773053841');
insert into Person (FirstName, LastName, EmergencyContactName, EmergencyContactNumber, EmergencyContactRelation, BankAccNo) values ('Yvonne', 'Tomasz', 'Angy', '3698645153', 'Father', '3741149991');
insert into Person (FirstName, LastName, EmergencyContactName, EmergencyContactNumber, EmergencyContactRelation, BankAccNo) values ('Cheri', 'Pendleberry', 'Fan', '9936395969', 'Guardian', '1387612233');
insert into Person (FirstName, LastName, EmergencyContactName, EmergencyContactNumber, EmergencyContactRelation, BankAccNo) values ('Anjela', 'Margrett', 'Courtney', '5894568959', 'Husband', '1483914680');
insert into Person (FirstName, LastName, EmergencyContactName, EmergencyContactNumber, EmergencyContactRelation, BankAccNo) values ('Libby', 'Kingaby', 'Palmer', '4237251304', 'Wife', '9309156555');
insert into Person (FirstName, LastName, EmergencyContactName, EmergencyContactNumber, EmergencyContactRelation, BankAccNo) values ('Farrah', 'Throughton', 'Lanna', '6172830431', 'Wife', '4522235481');
insert into Person (FirstName, LastName, EmergencyContactName, EmergencyContactNumber, EmergencyContactRelation, BankAccNo) values ('Bear', 'Hatrey', 'Tine', '1461876705', 'Husband', '1405411803');
insert into Person (FirstName, LastName, EmergencyContactName, EmergencyContactNumber, EmergencyContactRelation, BankAccNo) values ('Bee', 'Martindale', 'Alina', '2344896231', 'Wife', '1077683836');
insert into Person (FirstName, LastName, EmergencyContactName, EmergencyContactNumber, EmergencyContactRelation, BankAccNo) values ('Enriqueta', 'Sissens', 'Morgan', '8966619013', 'Mother', '8588658272');
insert into Person (FirstName, LastName, EmergencyContactName, EmergencyContactNumber, EmergencyContactRelation, BankAccNo) values ('Joaquin', 'Gurnay', 'Melly', '6316524666', 'Guardian', '2333301293');
insert into Person (FirstName, LastName, EmergencyContactName, EmergencyContactNumber, EmergencyContactRelation, BankAccNo) values ('Laurie', 'Wathen', 'Anett', '7397324105', 'Husband', '5891431564');
insert into Person (FirstName, LastName, EmergencyContactName, EmergencyContactNumber, EmergencyContactRelation, BankAccNo) values ('Darren', 'Essam', 'Reinwald', '2062334799', 'Wife', '8558314514');
insert into Person (FirstName, LastName, EmergencyContactName, EmergencyContactNumber, EmergencyContactRelation, BankAccNo) values ('Neille', 'Maundrell', 'Heindrick', '8976245279', 'Cousin', '5185579712');
insert into Person (FirstName, LastName, EmergencyContactName, EmergencyContactNumber, EmergencyContactRelation, BankAccNo) values ('Wit', 'Trevett', 'Stanislaus', '2485864354', 'Cousin', '7843471454');
insert into Person (FirstName, LastName, EmergencyContactName, EmergencyContactNumber, EmergencyContactRelation, BankAccNo) values ('Joshuah', 'Karpman', 'Aleksandr', '9825390779', 'Father', '3991876086');
insert into Person (FirstName, LastName, EmergencyContactName, EmergencyContactNumber, EmergencyContactRelation, BankAccNo) values ('Aindrea', 'Laight', 'Britney', '1665293002', 'Mother', '4401581442');
insert into Person (FirstName, LastName, EmergencyContactName, EmergencyContactNumber, EmergencyContactRelation, BankAccNo) values ('Rodrique', 'Menichini', 'Imojean', '3698199609', 'Cousin', '9419692333');
insert into Person (FirstName, LastName, EmergencyContactName, EmergencyContactNumber, EmergencyContactRelation, BankAccNo) values ('Urbano', 'Rames', 'Mortie', '4986134764', 'Wife', '4913471323');
insert into Person (FirstName, LastName, EmergencyContactName, EmergencyContactNumber, EmergencyContactRelation, BankAccNo) values ('Ealasaid', 'Florentine', 'Malinda', '1936606035', 'Husband', '1199102135');
insert into Person (FirstName, LastName, EmergencyContactName, EmergencyContactNumber, EmergencyContactRelation, BankAccNo) values ('Chelsy', 'Silbermann', 'Tony', '2051479288', 'Father', '4582467137');
insert into Person (FirstName, LastName, EmergencyContactName, EmergencyContactNumber, EmergencyContactRelation, BankAccNo) values ('Justen', 'MacKeogh', 'Jerald', '2682643920', 'Guardian', '8783853272');
insert into Person (FirstName, LastName, EmergencyContactName, EmergencyContactNumber, EmergencyContactRelation, BankAccNo) values ('Tulley', 'Nendick', 'Hedvige', '4199677316', 'Mother', '7497959906'); -- emps 150
insert into Person (FirstName, LastName, EmergencyContactName, EmergencyContactNumber, EmergencyContactRelation, BankAccNo) values ('Crissie', 'Cornthwaite', 'Barney', '6945831563', 'Cousin', '5874958875');
insert into Person (FirstName, LastName, EmergencyContactName, EmergencyContactNumber, EmergencyContactRelation, BankAccNo) values ('Lil', 'Grewes', 'Willamina', '7949000053', 'Mother', '7816378974');
insert into Person (FirstName, LastName, EmergencyContactName, EmergencyContactNumber, EmergencyContactRelation, BankAccNo) values ('Corrine', 'Hirth', 'Silvio', '5724799371', 'Husband', '4589495772');
insert into Person (FirstName, LastName, EmergencyContactName, EmergencyContactNumber, EmergencyContactRelation, BankAccNo) values ('Thorny', 'Tooker', 'Jamison', '6182877534', 'Mother', '8366165890');
insert into Person (FirstName, LastName, EmergencyContactName, EmergencyContactNumber, EmergencyContactRelation, BankAccNo) values ('Philipa', 'Brooksbie', 'Ambrosio', '1933172012', 'Wife', '4595733916');
insert into Person (FirstName, LastName, EmergencyContactName, EmergencyContactNumber, EmergencyContactRelation, BankAccNo) values ('Kale', 'Screach', 'Hi', '3165778869', 'Mother', '7324979411');
insert into Person (FirstName, LastName, EmergencyContactName, EmergencyContactNumber, EmergencyContactRelation, BankAccNo) values ('Haven', 'Degan', 'Rickard', '5899722042', 'Wife', '7682264916');
insert into Person (FirstName, LastName, EmergencyContactName, EmergencyContactNumber, EmergencyContactRelation, BankAccNo) values ('Irina', 'Beetles', 'Oswald', '6983552085', 'Wife', '7634114780');
insert into Person (FirstName, LastName, EmergencyContactName, EmergencyContactNumber, EmergencyContactRelation, BankAccNo) values ('Terrijo', 'Kirkam', 'Athene', '3943966895', 'Cousin', '2921730356');
insert into Person (FirstName, LastName, EmergencyContactName, EmergencyContactNumber, EmergencyContactRelation, BankAccNo) values ('Normand', 'Smieton', 'Amber', '7732946604', 'Father', '5198846800');
insert into Person (FirstName, LastName, EmergencyContactName, EmergencyContactNumber, EmergencyContactRelation, BankAccNo) values ('Marlyn', 'Gallihaulk', 'Netti', '4739680279', 'Husband', '2786514968');
insert into Person (FirstName, LastName, EmergencyContactName, EmergencyContactNumber, EmergencyContactRelation, BankAccNo) values ('Hobie', 'McIlenna', 'Jermain', '6627560047', 'Husband', '9637315862');
insert into Person (FirstName, LastName, EmergencyContactName, EmergencyContactNumber, EmergencyContactRelation, BankAccNo) values ('Karlene', 'Klauber', 'Dorey', '7213342226', 'Husband', '2311843048');
insert into Person (FirstName, LastName, EmergencyContactName, EmergencyContactNumber, EmergencyContactRelation, BankAccNo) values ('Kasper', 'Footer', 'Henka', '9443257341', 'Wife', '1295871338');
insert into Person (FirstName, LastName, EmergencyContactName, EmergencyContactNumber, EmergencyContactRelation, BankAccNo) values ('Zachery', 'Chalfant', 'Corina', '7279001699', 'Mother', '5851722977');
insert into Person (FirstName, LastName, EmergencyContactName, EmergencyContactNumber, EmergencyContactRelation, BankAccNo) values ('Inga', 'Cornborough', 'Merrill', '8023532656', 'Wife', '5161299776');
insert into Person (FirstName, LastName, EmergencyContactName, EmergencyContactNumber, EmergencyContactRelation, BankAccNo) values ('Jessie', 'Mizzi', 'Gizela', '3756667129', 'Father', '8839165624');
insert into Person (FirstName, LastName, EmergencyContactName, EmergencyContactNumber, EmergencyContactRelation, BankAccNo) values ('Desmond', 'Bulter', 'Lowrance', '2027379935', 'Wife', '3653757289');
insert into Person (FirstName, LastName, EmergencyContactName, EmergencyContactNumber, EmergencyContactRelation, BankAccNo) values ('Orton', 'Timperley', 'Dominica', '1587860383', 'Mother', '6094268244');
insert into Person (FirstName, LastName, EmergencyContactName, EmergencyContactNumber, EmergencyContactRelation, BankAccNo) values ('Katuscha', 'Veschambre', 'Tamara', '9678036217', 'Cousin', '8763599593');
insert into Person (FirstName, LastName, EmergencyContactName, EmergencyContactNumber, EmergencyContactRelation, BankAccNo) values ('Bil', 'Marris', 'Claus', '3984684388', 'Cousin', '2349497301');
insert into Person (FirstName, LastName, EmergencyContactName, EmergencyContactNumber, EmergencyContactRelation, BankAccNo) values ('Morena', 'Billyeald', 'Bette-ann', '7145481277', 'Cousin', '8076587059');
insert into Person (FirstName, LastName, EmergencyContactName, EmergencyContactNumber, EmergencyContactRelation, BankAccNo) values ('Aron', 'Rayworth', 'Ariana', '6589165670', 'Father', '5552469152');
insert into Person (FirstName, LastName, EmergencyContactName, EmergencyContactNumber, EmergencyContactRelation, BankAccNo) values ('Obediah', 'Bellworthy', 'Nat', '9179001680', 'Husband', '3055387946');
insert into Person (FirstName, LastName, EmergencyContactName, EmergencyContactNumber, EmergencyContactRelation, BankAccNo) values ('Zed', 'Manass', 'Mitch', '9049908262', 'Mother', '2262696195');
insert into Person (FirstName, LastName, EmergencyContactName, EmergencyContactNumber, EmergencyContactRelation, BankAccNo) values ('Ashlin', 'Hedden', 'Brewer', '1325885081', 'Mother', '4597454601');
insert into Person (FirstName, LastName, EmergencyContactName, EmergencyContactNumber, EmergencyContactRelation, BankAccNo) values ('Patric', 'Beech', 'Libby', '3127262583', 'Mother', '1179398409');
insert into Person (FirstName, LastName, EmergencyContactName, EmergencyContactNumber, EmergencyContactRelation, BankAccNo) values ('Tiffanie', 'Tilne', 'Johnna', '2105117620', 'Cousin', '9743073880');
insert into Person (FirstName, LastName, EmergencyContactName, EmergencyContactNumber, EmergencyContactRelation, BankAccNo) values ('Pincus', 'Clapshaw', 'Wilt', '9924374897', 'Cousin', '3229737296');
insert into Person (FirstName, LastName, EmergencyContactName, EmergencyContactNumber, EmergencyContactRelation, BankAccNo) values ('Sallee', 'Harmour', 'Zerk', '9107433755', 'Wife', '6637327782');
insert into Person (FirstName, LastName, EmergencyContactName, EmergencyContactNumber, EmergencyContactRelation, BankAccNo) values ('Maxie', 'Sizeland', 'Blinni', '2477302387', 'Cousin', '5759448557');
insert into Person (FirstName, LastName, EmergencyContactName, EmergencyContactNumber, EmergencyContactRelation, BankAccNo) values ('Sorcha', 'Hixson', 'Abram', '5748181851', 'Wife', '2383377415');
insert into Person (FirstName, LastName, EmergencyContactName, EmergencyContactNumber, EmergencyContactRelation, BankAccNo) values ('Ian', 'Hazelhurst', 'John', '8172038949', 'Mother', '4506279899');
insert into Person (FirstName, LastName, EmergencyContactName, EmergencyContactNumber, EmergencyContactRelation, BankAccNo) values ('North', 'Blackly', 'Puff', '9107040437', 'Husband', '4071065232');
insert into Person (FirstName, LastName, EmergencyContactName, EmergencyContactNumber, EmergencyContactRelation, BankAccNo) values ('Archibold', 'Hazael', 'Consolata', '5867177337', 'Wife', '5252684211');
insert into Person (FirstName, LastName, EmergencyContactName, EmergencyContactNumber, EmergencyContactRelation, BankAccNo) values ('Edd', 'Cicculi', 'Galvan', '1025993008', 'Mother', '7849066785');
insert into Person (FirstName, LastName, EmergencyContactName, EmergencyContactNumber, EmergencyContactRelation, BankAccNo) values ('Annaliese', 'Molineux', 'Jillian', '7822263606', 'Father', '5799254945');
insert into Person (FirstName, LastName, EmergencyContactName, EmergencyContactNumber, EmergencyContactRelation, BankAccNo) values ('Collete', 'Templeman', 'Pavel', '5296667536', 'Father', '1928621975');
insert into Person (FirstName, LastName, EmergencyContactName, EmergencyContactNumber, EmergencyContactRelation, BankAccNo) values ('Lurleen', 'Dahmel', 'Gilles', '2599666356', 'Wife', '9311428624');
insert into Person (FirstName, LastName, EmergencyContactName, EmergencyContactNumber, EmergencyContactRelation, BankAccNo) values ('Mychal', 'Lochead', 'Francklin', '4907275575', 'Cousin', '7266526892');
insert into Person (FirstName, LastName, EmergencyContactName, EmergencyContactNumber, EmergencyContactRelation, BankAccNo) values ('Rance', 'Niles', 'Augustine', '3139252932', 'Father', '8898659871');
insert into Person (FirstName, LastName, EmergencyContactName, EmergencyContactNumber, EmergencyContactRelation, BankAccNo) values ('Gloriana', 'Lorans', 'Barnebas', '7427024140', 'Wife', '1085589338');
insert into Person (FirstName, LastName, EmergencyContactName, EmergencyContactNumber, EmergencyContactRelation, BankAccNo) values ('Larina', 'Fosberry', 'Bonita', '2444299871', 'Wife', '8882281123');
insert into Person (FirstName, LastName, EmergencyContactName, EmergencyContactNumber, EmergencyContactRelation, BankAccNo) values ('Selina', 'Nolli', 'Barnaby', '3924791577', 'Father', '4952683464');
insert into Person (FirstName, LastName, EmergencyContactName, EmergencyContactNumber, EmergencyContactRelation, BankAccNo) values ('Winonah', 'Dadswell', 'Fawn', '5711709970', 'Husband', '6368119435');
insert into Person (FirstName, LastName, EmergencyContactName, EmergencyContactNumber, EmergencyContactRelation, BankAccNo) values ('Layne', 'Callum', 'Helene', '7283745954', 'Husband', '5609256669');
insert into Person (FirstName, LastName, EmergencyContactName, EmergencyContactNumber, EmergencyContactRelation, BankAccNo) values ('Erminia', 'Jeffry', 'Trixi', '5982210614', 'Wife', '9042498118');
insert into Person (FirstName, LastName, EmergencyContactName, EmergencyContactNumber, EmergencyContactRelation, BankAccNo) values ('Hartwell', 'Hensmans', 'Wolfy', '7361869967', 'Father', '2259525170');
insert into Person (FirstName, LastName, EmergencyContactName, EmergencyContactNumber, EmergencyContactRelation, BankAccNo) values ('Everett', 'Dwight', 'Xenos', '1906053657', 'Cousin', '9178463965');
insert into Person (FirstName, LastName, EmergencyContactName, EmergencyContactNumber, EmergencyContactRelation, BankAccNo) values ('Jolee', 'Gravenell', 'Olenolin', '3283063337', 'Husband', '7958414052');
insert into Person (FirstName, LastName, EmergencyContactName, EmergencyContactNumber, EmergencyContactRelation, BankAccNo) values ('Bill', 'Waterfall', 'Tonya', '3422465872', 'Wife', '7632845409');
insert into Person (FirstName, LastName, EmergencyContactName, EmergencyContactNumber, EmergencyContactRelation, BankAccNo) values ('Guglielma', 'Baudouin', 'Wald', '9454076831', 'Cousin', '2124967890');
insert into Person (FirstName, LastName, EmergencyContactName, EmergencyContactNumber, EmergencyContactRelation, BankAccNo) values ('Woodrow', 'Kibbee', 'Henrietta', '3439205558', 'Husband', '8489228168');
insert into Person (FirstName, LastName, EmergencyContactName, EmergencyContactNumber, EmergencyContactRelation, BankAccNo) values ('Alyson', 'Gascar', 'Randee', '7813982502', 'Mother', '2021272180');
insert into Person (FirstName, LastName, EmergencyContactName, EmergencyContactNumber, EmergencyContactRelation, BankAccNo) values ('Edd', 'Hirjak', 'Filberte', '4967539573', 'Father', '6624724251');
insert into Person (FirstName, LastName, EmergencyContactName, EmergencyContactNumber, EmergencyContactRelation, BankAccNo) values ('Henriette', 'Rudolf', 'Laurice', '2904279640', 'Father', '9757295014');
insert into Person (FirstName, LastName, EmergencyContactName, EmergencyContactNumber, EmergencyContactRelation, BankAccNo) values ('Brigitte', 'Rapinett', 'Calv', '8172157351', 'Father', '5427583559');
insert into Person (FirstName, LastName, EmergencyContactName, EmergencyContactNumber, EmergencyContactRelation, BankAccNo) values ('Yolande', 'Cadany', 'Kipper', '6967904814', 'Husband', '3781102886');
insert into Person (FirstName, LastName, EmergencyContactName, EmergencyContactNumber, EmergencyContactRelation, BankAccNo) values ('Deck', 'Verick', 'Bernarr', '7851939039', 'Cousin', '6186083975');
insert into Person (FirstName, LastName, EmergencyContactName, EmergencyContactNumber, EmergencyContactRelation, BankAccNo) values ('Waverley', 'Succamore', 'Peri', '9594917502', 'Father', '4974794129');
insert into Person (FirstName, LastName, EmergencyContactName, EmergencyContactNumber, EmergencyContactRelation, BankAccNo) values ('Lulita', 'Hawtry', 'Sergio', '9146441849', 'Father', '9878654334');
insert into Person (FirstName, LastName, EmergencyContactName, EmergencyContactNumber, EmergencyContactRelation, BankAccNo) values ('Gray', 'Hansbury', 'Amata', '6439884302', 'Cousin', '1771465213');
insert into Person (FirstName, LastName, EmergencyContactName, EmergencyContactNumber, EmergencyContactRelation, BankAccNo) values ('Krysta', 'Slack', 'Menard', '9292749647', 'Cousin', '4963382238');
insert into Person (FirstName, LastName, EmergencyContactName, EmergencyContactNumber, EmergencyContactRelation, BankAccNo) values ('York', 'Wurz', 'Sayre', '3041701779', 'Wife', '9273445807');
insert into Person (FirstName, LastName, EmergencyContactName, EmergencyContactNumber, EmergencyContactRelation, BankAccNo) values ('Vachel', 'Germon', 'Ingmar', '3272418414', 'Husband', '3945662048');
insert into Person (FirstName, LastName, EmergencyContactName, EmergencyContactNumber, EmergencyContactRelation, BankAccNo) values ('Emlynne', 'Janko', 'Evyn', '9485171411', 'Husband', '8193902515');
insert into Person (FirstName, LastName, EmergencyContactName, EmergencyContactNumber, EmergencyContactRelation, BankAccNo) values ('Jeannette', 'Corryer', 'Lynett', '7059354602', 'Cousin', '2507611040');
insert into Person (FirstName, LastName, EmergencyContactName, EmergencyContactNumber, EmergencyContactRelation, BankAccNo) values ('Davin', 'Frango', 'Hillary', '2016036425', 'Mother', '7486585579');
insert into Person (FirstName, LastName, EmergencyContactName, EmergencyContactNumber, EmergencyContactRelation, BankAccNo) values ('Rudolph', 'Maulkin', 'Garik', '1158685181', 'Cousin', '2692770975');
insert into Person (FirstName, LastName, EmergencyContactName, EmergencyContactNumber, EmergencyContactRelation, BankAccNo) values ('Derron', 'Veldens', 'Amabel', '9423572605', 'Cousin', '6021646044');
insert into Person (FirstName, LastName, EmergencyContactName, EmergencyContactNumber, EmergencyContactRelation, BankAccNo) values ('Tallou', 'Humphries', 'Joshuah', '1782099375', 'Mother', '1037555688');
insert into Person (FirstName, LastName, EmergencyContactName, EmergencyContactNumber, EmergencyContactRelation, BankAccNo) values ('Jeremias', 'Savage', 'Verena', '1642628941', 'Husband', '7426315534');
insert into Person (FirstName, LastName, EmergencyContactName, EmergencyContactNumber, EmergencyContactRelation, BankAccNo) values ('Isabel', 'Jorge', 'Lula', '5394469207', 'Cousin', '3162593841');
insert into Person (FirstName, LastName, EmergencyContactName, EmergencyContactNumber, EmergencyContactRelation, BankAccNo) values ('Coriss', 'Shitliff', 'Allegra', '4095632342', 'Mother', '3976612511');
insert into Person (FirstName, LastName, EmergencyContactName, EmergencyContactNumber, EmergencyContactRelation, BankAccNo) values ('Dulcia', 'Browse', 'Fae', '5597271931', 'Father', '9633639329');
insert into Person (FirstName, LastName, EmergencyContactName, EmergencyContactNumber, EmergencyContactRelation, BankAccNo) values ('Tomasina', 'Cardiff', 'Leonhard', '9022130119', 'Mother', '4938541061');
insert into Person (FirstName, LastName, EmergencyContactName, EmergencyContactNumber, EmergencyContactRelation, BankAccNo) values ('Mickie', 'Bodycomb', 'Ferris', '6641378345', 'Husband', '2945693623');
insert into Person (FirstName, LastName, EmergencyContactName, EmergencyContactNumber, EmergencyContactRelation, BankAccNo) values ('Rockey', 'Gwinnel', 'Mordecai', '4743312729', 'Wife', '5893053427');
insert into Person (FirstName, LastName, EmergencyContactName, EmergencyContactNumber, EmergencyContactRelation, BankAccNo) values ('Lorinda', 'Maasz', 'Sandye', '4752003521', 'Cousin', '9951237098');
insert into Person (FirstName, LastName, EmergencyContactName, EmergencyContactNumber, EmergencyContactRelation, BankAccNo) values ('Clarisse', 'Hodgen', 'Katha', '2162561023', 'Mother', '5797205751');
insert into Person (FirstName, LastName, EmergencyContactName, EmergencyContactNumber, EmergencyContactRelation, BankAccNo) values ('Ronni', 'Maryan', 'Ozzie', '9352556447', 'Cousin', '3479692802');
insert into Person (FirstName, LastName, EmergencyContactName, EmergencyContactNumber, EmergencyContactRelation, BankAccNo) values ('Diann', 'Payne', 'Averell', '9074309827', 'Wife', '7956516757');
insert into Person (FirstName, LastName, EmergencyContactName, EmergencyContactNumber, EmergencyContactRelation, BankAccNo) values ('Cletis', 'Brussels', 'Hilliard', '9577282974', 'Father', '9219468076');
insert into Person (FirstName, LastName, EmergencyContactName, EmergencyContactNumber, EmergencyContactRelation, BankAccNo) values ('Stevie', 'Gustus', 'Clywd', '7345330889', 'Cousin', '2975924557');
insert into Person (FirstName, LastName, EmergencyContactName, EmergencyContactNumber, EmergencyContactRelation, BankAccNo) values ('Jackson', 'Deboy', 'Aleta', '9931466222', 'Wife', '7044718380');
insert into Person (FirstName, LastName, EmergencyContactName, EmergencyContactNumber, EmergencyContactRelation, BankAccNo) values ('Timmie', 'O''Sculley', 'Daffie', '8427263774', 'Father', '5456831062');
insert into Person (FirstName, LastName, EmergencyContactName, EmergencyContactNumber, EmergencyContactRelation, BankAccNo) values ('Raynor', 'Roach', 'Kahlil', '6696939166', 'Cousin', '3431939471');
insert into Person (FirstName, LastName, EmergencyContactName, EmergencyContactNumber, EmergencyContactRelation, BankAccNo) values ('Juliane', 'De Brett', 'Karyl', '1868160672', 'Mother', '9148047228');
insert into Person (FirstName, LastName, EmergencyContactName, EmergencyContactNumber, EmergencyContactRelation, BankAccNo) values ('Gabrila', 'Scandrett', 'Jolene', '1362719477', 'Mother', '8224582775');
insert into Person (FirstName, LastName, EmergencyContactName, EmergencyContactNumber, EmergencyContactRelation, BankAccNo) values ('Othilie', 'Millyard', 'Granny', '3293466601', 'Husband', '9992392715');
insert into Person (FirstName, LastName, EmergencyContactName, EmergencyContactNumber, EmergencyContactRelation, BankAccNo) values ('Elvis', 'Ropking', 'Delora', '3056935813', 'Father', '4048320309');
insert into Person (FirstName, LastName, EmergencyContactName, EmergencyContactNumber, EmergencyContactRelation, BankAccNo) values ('Hailey', 'Fleetwood', 'Quentin', '6494505737', 'Wife', '8115647109');
insert into Person (FirstName, LastName, EmergencyContactName, EmergencyContactNumber, EmergencyContactRelation, BankAccNo) values ('Leroi', 'Maneylaws', 'Fitzgerald', '7441705730', 'Wife', '1412721146');
insert into Person (FirstName, LastName, EmergencyContactName, EmergencyContactNumber, EmergencyContactRelation, BankAccNo) values ('Dora', 'McGaw', 'Beltran', '3994201569', 'Cousin', '5178559497');
insert into Person (FirstName, LastName, EmergencyContactName, EmergencyContactNumber, EmergencyContactRelation, BankAccNo) values ('Lottie', 'Filer', 'Karena', '3887723503', 'Father', '3664143274');
insert into Person (FirstName, LastName, EmergencyContactName, EmergencyContactNumber, EmergencyContactRelation, BankAccNo) values ('Denney', 'Eggleton', 'Aubry', '1149604054', 'Cousin', '2533533574');
insert into Person (FirstName, LastName, EmergencyContactName, EmergencyContactNumber, EmergencyContactRelation, BankAccNo) values ('Merill', 'Maxsted', 'Em', '8719961476', 'Cousin', '6886605832');
insert into Person (FirstName, LastName, EmergencyContactName, EmergencyContactNumber, EmergencyContactRelation, BankAccNo) values ('Christel', 'Itzik', 'Casar', '6082755275', 'Father', '6602016710');
insert into Person (FirstName, LastName, EmergencyContactName, EmergencyContactNumber, EmergencyContactRelation, BankAccNo) values ('Astrid', 'Ballach', 'Burr', '5257570916', 'Husband', '6431851347');
insert into Person (FirstName, LastName, EmergencyContactName, EmergencyContactNumber, EmergencyContactRelation, BankAccNo) values ('Shepperd', 'De Giorgi', 'Babs', '1163743984', 'Wife', '1857210501');
insert into Person (FirstName, LastName, EmergencyContactName, EmergencyContactNumber, EmergencyContactRelation, BankAccNo) values ('Cortney', 'Crosse', 'Janella', '2702997384', 'Husband', '3757487626');
insert into Person (FirstName, LastName, EmergencyContactName, EmergencyContactNumber, EmergencyContactRelation, BankAccNo) values ('Linc', 'Bartlomiejczyk', 'Duky', '6122836495', 'Cousin', '4078313507');
insert into Person (FirstName, LastName, EmergencyContactName, EmergencyContactNumber, EmergencyContactRelation, BankAccNo) values ('Vicki', 'Bycraft', 'Reinold', '7078722022', 'Wife', '1999599659');
insert into Person (FirstName, LastName, EmergencyContactName, EmergencyContactNumber, EmergencyContactRelation, BankAccNo) values ('Augustina', 'Cayle', 'Henka', '2735642200', 'Wife', '5098446354');  -- manager 45
insert into Person (FirstName, LastName, EmergencyContactName, EmergencyContactNumber, EmergencyContactRelation, BankAccNo) values ('Aurelia', 'Heale', 'Rozanne', '9868888188', 'Cousin', '4335065927');
insert into Person (FirstName, LastName, EmergencyContactName, EmergencyContactNumber, EmergencyContactRelation, BankAccNo) values ('Sunshine', 'Hailwood', 'Paulina', '8805942318', 'Father', '1392074106');
insert into Person (FirstName, LastName, EmergencyContactName, EmergencyContactNumber, EmergencyContactRelation, BankAccNo) values ('Bard', 'Fillimore', 'Benn', '9265402954', 'Mother', '9369550895');
insert into Person (FirstName, LastName, EmergencyContactName, EmergencyContactNumber, EmergencyContactRelation, BankAccNo) values ('Lutero', 'Kidstone', 'Veda', '5796379653', 'Husband', '8968516074');
insert into Person (FirstName, LastName, EmergencyContactName, EmergencyContactNumber, EmergencyContactRelation, BankAccNo) values ('Valerie', 'Stuck', 'Johnath', '2872577409', 'Wife', '2877436797');
insert into Person (FirstName, LastName, EmergencyContactName, EmergencyContactNumber, EmergencyContactRelation, BankAccNo) values ('Humphrey', 'Raynton', 'Doro', '9257382080', 'Mother', '4689826170');
insert into Person (FirstName, LastName, EmergencyContactName, EmergencyContactNumber, EmergencyContactRelation, BankAccNo) values ('Chryste', 'Esel', 'Petr', '3696127349', 'Cousin', '7023966433');
insert into Person (FirstName, LastName, EmergencyContactName, EmergencyContactNumber, EmergencyContactRelation, BankAccNo) values ('Ephrayim', 'Helmke', 'Lorie', '3889354526', 'Cousin', '8575357528');
insert into Person (FirstName, LastName, EmergencyContactName, EmergencyContactNumber, EmergencyContactRelation, BankAccNo) values ('Lorinda', 'Phin', 'Amanda', '6622987948', 'Mother', '5823094045');
insert into Person (FirstName, LastName, EmergencyContactName, EmergencyContactNumber, EmergencyContactRelation, BankAccNo) values ('Berna', 'Taplin', 'Yolande', '1497516980', 'Cousin', '4282799503');
insert into Person (FirstName, LastName, EmergencyContactName, EmergencyContactNumber, EmergencyContactRelation, BankAccNo) values ('Henryetta', 'Errichiello', 'Panchito', '5849993231', 'Husband', '2714063323');
insert into Person (FirstName, LastName, EmergencyContactName, EmergencyContactNumber, EmergencyContactRelation, BankAccNo) values ('Leopold', 'Hellyer', 'Rois', '6197355552', 'Wife', '2135840405');
insert into Person (FirstName, LastName, EmergencyContactName, EmergencyContactNumber, EmergencyContactRelation, BankAccNo) values ('Hurley', 'Fredi', 'Massimo', '4216662313', 'Husband', '9722279579');
insert into Person (FirstName, LastName, EmergencyContactName, EmergencyContactNumber, EmergencyContactRelation, BankAccNo) values ('Cassandre', 'Pudge', 'Margit', '3425024601', 'Wife', '9907517058');
insert into Person (FirstName, LastName, EmergencyContactName, EmergencyContactNumber, EmergencyContactRelation, BankAccNo) values ('Evaleen', 'Connold', 'Kipp', '9314203475', 'Husband', '2045019070');
insert into Person (FirstName, LastName, EmergencyContactName, EmergencyContactNumber, EmergencyContactRelation, BankAccNo) values ('Leland', 'Hendren', 'Christian', '9473226284', 'Mother', '5198802117');
insert into Person (FirstName, LastName, EmergencyContactName, EmergencyContactNumber, EmergencyContactRelation, BankAccNo) values ('Marcus', 'Rigardeau', 'Wallie', '8256937314', 'Wife', '2788905701');
insert into Person (FirstName, LastName, EmergencyContactName, EmergencyContactNumber, EmergencyContactRelation, BankAccNo) values ('Isidore', 'Hartell', 'Bernice', '6097375326', 'Wife', '5648885194');
insert into Person (FirstName, LastName, EmergencyContactName, EmergencyContactNumber, EmergencyContactRelation, BankAccNo) values ('Dominique', 'Jime', 'Mercie', '4096482631', 'Mother', '6742918153');
insert into Person (FirstName, LastName, EmergencyContactName, EmergencyContactNumber, EmergencyContactRelation, BankAccNo) values ('Rozina', 'Petrolli', 'Susette', '7586913126', 'Father', '8439165193');
insert into Person (FirstName, LastName, EmergencyContactName, EmergencyContactNumber, EmergencyContactRelation, BankAccNo) values ('Port', 'Maulkin', 'Alford', '3965932808', 'Wife', '6905076899');
insert into Person (FirstName, LastName, EmergencyContactName, EmergencyContactNumber, EmergencyContactRelation, BankAccNo) values ('Alfreda', 'Odby', 'Barret', '2005898570', 'Mother', '5291081747');
insert into Person (FirstName, LastName, EmergencyContactName, EmergencyContactNumber, EmergencyContactRelation, BankAccNo) values ('Hansiain', 'Bellingham', 'Issiah', '9176880337', 'Cousin', '1139362295');
insert into Person (FirstName, LastName, EmergencyContactName, EmergencyContactNumber, EmergencyContactRelation, BankAccNo) values ('Dani', 'Truder', 'Michele', '9379057817', 'Mother', '8291877564');
insert into Person (FirstName, LastName, EmergencyContactName, EmergencyContactNumber, EmergencyContactRelation, BankAccNo) values ('Vere', 'Bownd', 'Blanch', '9682208656', 'Husband', '8846599484');
insert into Person (FirstName, LastName, EmergencyContactName, EmergencyContactNumber, EmergencyContactRelation, BankAccNo) values ('Ginnie', 'Aberdein', 'Birgitta', '9581746323', 'Mother', '3836994525');
insert into Person (FirstName, LastName, EmergencyContactName, EmergencyContactNumber, EmergencyContactRelation, BankAccNo) values ('Bondon', 'Greathead', 'Courtney', '7005794246', 'Husband', '8639619396');
insert into Person (FirstName, LastName, EmergencyContactName, EmergencyContactNumber, EmergencyContactRelation, BankAccNo) values ('Calhoun', 'Duprey', 'Danny', '1359318606', 'Mother', '8895656569');
insert into Person (FirstName, LastName, EmergencyContactName, EmergencyContactNumber, EmergencyContactRelation, BankAccNo) values ('Ely', 'Riglar', 'Alida', '2128999098', 'Mother', '5715146293');
insert into Person (FirstName, LastName, EmergencyContactName, EmergencyContactNumber, EmergencyContactRelation, BankAccNo) values ('Garald', 'Vesty', 'Alexa', '1538145440', 'Wife', '2409027860');
insert into Person (FirstName, LastName, EmergencyContactName, EmergencyContactNumber, EmergencyContactRelation, BankAccNo) values ('Lauri', 'Ballay', 'Hanni', '7988589197', 'Husband', '6298169500');
insert into Person (FirstName, LastName, EmergencyContactName, EmergencyContactNumber, EmergencyContactRelation, BankAccNo) values ('Christian', 'McMichan', 'Austina', '6271676840', 'Wife', '4807564845');
insert into Person (FirstName, LastName, EmergencyContactName, EmergencyContactNumber, EmergencyContactRelation, BankAccNo) values ('Beau', 'Yakebovich', 'Diarmid', '8788698775', 'Mother', '6574867120');
insert into Person (FirstName, LastName, EmergencyContactName, EmergencyContactNumber, EmergencyContactRelation, BankAccNo) values ('Dania', 'Blackborn', 'Gayler', '7673966377', 'Wife', '4834171515');
insert into Person (FirstName, LastName, EmergencyContactName, EmergencyContactNumber, EmergencyContactRelation, BankAccNo) values ('Margaretha', 'Carp', 'Baily', '5756982678', 'Cousin', '4732239201');
insert into Person (FirstName, LastName, EmergencyContactName, EmergencyContactNumber, EmergencyContactRelation, BankAccNo) values ('Krisha', 'Dawnay', 'Karine', '7737610573', 'Cousin', '3616704683');
insert into Person (FirstName, LastName, EmergencyContactName, EmergencyContactNumber, EmergencyContactRelation, BankAccNo) values ('Katherina', 'Shambrooke', 'Franklyn', '8586064766', 'Husband', '3286585735');
insert into Person (FirstName, LastName, EmergencyContactName, EmergencyContactNumber, EmergencyContactRelation, BankAccNo) values ('Kellsie', 'Baseke', 'Jonis', '8188701250', 'Wife', '5351528364');
insert into Person (FirstName, LastName, EmergencyContactName, EmergencyContactNumber, EmergencyContactRelation, BankAccNo) values ('Lazarus', 'Merrett', 'Humberto', '3267621320', 'Father', '3002176102');
insert into Person (FirstName, LastName, EmergencyContactName, EmergencyContactNumber, EmergencyContactRelation, BankAccNo) values ('Karil', 'Guierre', 'Jayson', '6422235474', 'Cousin', '6569654894');
insert into Person (FirstName, LastName, EmergencyContactName, EmergencyContactNumber, EmergencyContactRelation, BankAccNo) values ('Bone', 'Viall', 'Culver', '3708647456', 'Mother', '9781049935');
insert into Person (FirstName, LastName, EmergencyContactName, EmergencyContactNumber, EmergencyContactRelation, BankAccNo) values ('Helen', 'McClurg', 'Tracy', '3688709752', 'Cousin', '5429820404');
insert into Person (FirstName, LastName, EmergencyContactName, EmergencyContactNumber, EmergencyContactRelation, BankAccNo) values ('Timoteo', 'Yitzovicz', 'Kelby', '1504540912', 'Mother', '1018405244');
insert into Person (FirstName, LastName, EmergencyContactName, EmergencyContactNumber, EmergencyContactRelation, BankAccNo) values ('Valida', 'Rugiero', 'Richart', '5294526830', 'Mother', '3567758457');
insert into Person (FirstName, LastName, EmergencyContactName, EmergencyContactNumber, EmergencyContactRelation, BankAccNo) values ('Ferdinand', 'Mullineux', 'Brigitta', '6508877427', 'Cousin', '1773503500');


insert into Tenant (PersonID) values (1);
insert into Tenant (PersonID) values (2);
insert into Tenant (PersonID) values (3);
insert into Tenant (PersonID) values (4);
insert into Tenant (PersonID) values (5);
insert into Tenant (PersonID) values (6);
insert into Tenant (PersonID) values (7);
insert into Tenant (PersonID) values (8);
insert into Tenant (PersonID) values (9);
insert into Tenant (PersonID) values (10);
insert into Tenant (PersonID) values (11);
insert into Tenant (PersonID) values (12);
insert into Tenant (PersonID) values (13);
insert into Tenant (PersonID) values (14);
insert into Tenant (PersonID) values (15);
insert into Tenant (PersonID) values (16);
insert into Tenant (PersonID) values (17);
insert into Tenant (PersonID) values (18);
insert into Tenant (PersonID) values (19);
insert into Tenant (PersonID) values (20);
insert into Tenant (PersonID) values (21);
insert into Tenant (PersonID) values (22);
insert into Tenant (PersonID) values (23);
insert into Tenant (PersonID) values (24);
insert into Tenant (PersonID) values (25);
insert into Tenant (PersonID) values (26);
insert into Tenant (PersonID) values (27);
insert into Tenant (PersonID) values (28);
insert into Tenant (PersonID) values (29);
insert into Tenant (PersonID) values (30);
insert into Tenant (PersonID) values (31);
insert into Tenant (PersonID) values (32);
insert into Tenant (PersonID) values (33);
insert into Tenant (PersonID) values (34);
insert into Tenant (PersonID) values (35);
insert into Tenant (PersonID) values (36);
insert into Tenant (PersonID) values (37);
insert into Tenant (PersonID) values (38);
insert into Tenant (PersonID) values (39);
insert into Tenant (PersonID) values (40);
insert into Tenant (PersonID) values (41);
insert into Tenant (PersonID) values (42);
insert into Tenant (PersonID) values (43);
insert into Tenant (PersonID) values (44);
insert into Tenant (PersonID) values (45);
insert into Tenant (PersonID) values (46);
insert into Tenant (PersonID) values (47);
insert into Tenant (PersonID) values (48);
insert into Tenant (PersonID) values (49);
insert into Tenant (PersonID) values (50);
insert into Tenant (PersonID) values (51);
insert into Tenant (PersonID) values (52);
insert into Tenant (PersonID) values (53);
insert into Tenant (PersonID) values (54);
insert into Tenant (PersonID) values (55);
insert into Tenant (PersonID) values (56);
insert into Tenant (PersonID) values (57);
insert into Tenant (PersonID) values (58);
insert into Tenant (PersonID) values (59);
insert into Tenant (PersonID) values (60);
insert into Tenant (PersonID) values (61);
insert into Tenant (PersonID) values (62);
insert into Tenant (PersonID) values (63);
insert into Tenant (PersonID) values (64);
insert into Tenant (PersonID) values (65);
insert into Tenant (PersonID) values (66);
insert into Tenant (PersonID) values (67);
insert into Tenant (PersonID) values (68);
insert into Tenant (PersonID) values (69);
insert into Tenant (PersonID) values (70);
insert into Tenant (PersonID) values (71);
insert into Tenant (PersonID) values (72);
insert into Tenant (PersonID) values (73);
insert into Tenant (PersonID) values (74);
insert into Tenant (PersonID) values (75);
insert into Tenant (PersonID) values (76);
insert into Tenant (PersonID) values (77);
insert into Tenant (PersonID) values (78);
insert into Tenant (PersonID) values (79);
insert into Tenant (PersonID) values (80);
insert into Tenant (PersonID) values (81);
insert into Tenant (PersonID) values (82);
insert into Tenant (PersonID) values (83);
insert into Tenant (PersonID) values (84);
insert into Tenant (PersonID) values (85);
insert into Tenant (PersonID) values (86);
insert into Tenant (PersonID) values (87);
insert into Tenant (PersonID) values (88);
insert into Tenant (PersonID) values (89);
insert into Tenant (PersonID) values (90);
insert into Tenant (PersonID) values (91);
insert into Tenant (PersonID) values (92);
insert into Tenant (PersonID) values (93);
insert into Tenant (PersonID) values (94);
insert into Tenant (PersonID) values (95);
insert into Tenant (PersonID) values (96);
insert into Tenant (PersonID) values (97);
insert into Tenant (PersonID) values (98);
insert into Tenant (PersonID) values (99);
insert into Tenant (PersonID) values (100);
insert into Tenant (PersonID) values (101);
insert into Tenant (PersonID) values (102);
insert into Tenant (PersonID) values (103);
insert into Tenant (PersonID) values (104);
insert into Tenant (PersonID) values (105);
insert into Tenant (PersonID) values (106);
insert into Tenant (PersonID) values (107);
insert into Tenant (PersonID) values (108);
insert into Tenant (PersonID) values (109);
insert into Tenant (PersonID) values (110);
insert into Tenant (PersonID) values (111);
insert into Tenant (PersonID) values (112);
insert into Tenant (PersonID) values (113);
insert into Tenant (PersonID) values (114);
insert into Tenant (PersonID) values (115);
insert into Tenant (PersonID) values (116);
insert into Tenant (PersonID) values (117);
insert into Tenant (PersonID) values (118);
insert into Tenant (PersonID) values (119);
insert into Tenant (PersonID) values (120);
insert into Tenant (PersonID) values (121);
insert into Tenant (PersonID) values (122);
insert into Tenant (PersonID) values (123);
insert into Tenant (PersonID) values (124);
insert into Tenant (PersonID) values (125);
insert into Tenant (PersonID) values (126);
insert into Tenant (PersonID) values (127);
insert into Tenant (PersonID) values (128);
insert into Tenant (PersonID) values (129);
insert into Tenant (PersonID) values (130);
insert into Tenant (PersonID) values (131);
insert into Tenant (PersonID) values (132);
insert into Tenant (PersonID) values (133);
insert into Tenant (PersonID) values (134);
insert into Tenant (PersonID) values (135);
insert into Tenant (PersonID) values (136);
insert into Tenant (PersonID) values (137);
insert into Tenant (PersonID) values (138);
insert into Tenant (PersonID) values (139);
insert into Tenant (PersonID) values (140);
insert into Tenant (PersonID) values (141);
insert into Tenant (PersonID) values (142);
insert into Tenant (PersonID) values (143);
insert into Tenant (PersonID) values (144);
insert into Tenant (PersonID) values (145);
insert into Tenant (PersonID) values (146);
insert into Tenant (PersonID) values (147);
insert into Tenant (PersonID) values (148);
insert into Tenant (PersonID) values (149);
insert into Tenant (PersonID) values (150);
insert into Tenant (PersonID) values (151);
insert into Tenant (PersonID) values (152);
insert into Tenant (PersonID) values (153);
insert into Tenant (PersonID) values (154);
insert into Tenant (PersonID) values (155);
insert into Tenant (PersonID) values (156);
insert into Tenant (PersonID) values (157);
insert into Tenant (PersonID) values (158);
insert into Tenant (PersonID) values (159);
insert into Tenant (PersonID) values (160);
insert into Tenant (PersonID) values (161);
insert into Tenant (PersonID) values (162);
insert into Tenant (PersonID) values (163);
insert into Tenant (PersonID) values (164);
insert into Tenant (PersonID) values (165);
insert into Tenant (PersonID) values (166);
insert into Tenant (PersonID) values (167);
insert into Tenant (PersonID) values (168);
insert into Tenant (PersonID) values (169);
insert into Tenant (PersonID) values (170);
insert into Tenant (PersonID) values (171);
insert into Tenant (PersonID) values (172);
insert into Tenant (PersonID) values (173);
insert into Tenant (PersonID) values (174);
insert into Tenant (PersonID) values (175);
insert into Tenant (PersonID) values (176);
insert into Tenant (PersonID) values (177);
insert into Tenant (PersonID) values (178);
insert into Tenant (PersonID) values (179);
insert into Tenant (PersonID) values (180);
insert into Tenant (PersonID) values (181);
insert into Tenant (PersonID) values (182);
insert into Tenant (PersonID) values (183);
insert into Tenant (PersonID) values (184);
insert into Tenant (PersonID) values (185);
insert into Tenant (PersonID) values (186);
insert into Tenant (PersonID) values (187);
insert into Tenant (PersonID) values (188);
insert into Tenant (PersonID) values (189);
insert into Tenant (PersonID) values (190);
insert into Tenant (PersonID) values (191);
insert into Tenant (PersonID) values (192);
insert into Tenant (PersonID) values (193);
insert into Tenant (PersonID) values (194);
insert into Tenant (PersonID) values (195);
insert into Tenant (PersonID) values (196);
insert into Tenant (PersonID) values (197);
insert into Tenant (PersonID) values (198);
insert into Tenant (PersonID) values (199);
insert into Tenant (PersonID) values (200);
insert into Tenant (PersonID) values (201);
insert into Tenant (PersonID) values (202);
insert into Tenant (PersonID) values (203);
insert into Tenant (PersonID) values (204);
insert into Tenant (PersonID) values (205);
insert into Tenant (PersonID) values (206);
insert into Tenant (PersonID) values (207);
insert into Tenant (PersonID) values (208);
insert into Tenant (PersonID) values (209);
insert into Tenant (PersonID) values (210);
insert into Tenant (PersonID) values (211);
insert into Tenant (PersonID) values (212);
insert into Tenant (PersonID) values (213);
insert into Tenant (PersonID) values (214);
insert into Tenant (PersonID) values (215);
insert into Tenant (PersonID) values (216);
insert into Tenant (PersonID) values (217);
insert into Tenant (PersonID) values (218);
insert into Tenant (PersonID) values (219);
insert into Tenant (PersonID) values (220);
insert into Tenant (PersonID) values (221);
insert into Tenant (PersonID) values (222);
insert into Tenant (PersonID) values (223);
insert into Tenant (PersonID) values (224);
insert into Tenant (PersonID) values (225);

insert into Employee (PersonID, Pay) values (226, 1600);
insert into Employee (PersonID, Pay) values (227, 2000);
insert into Employee (PersonID, Pay) values (228, 2000);
insert into Employee (PersonID, Pay) values (229, 1200);
insert into Employee (PersonID, Pay) values (230, 3600);
insert into Employee (PersonID, Pay) values (231, 1200);
insert into Employee (PersonID, Pay) values (232, 1600);
insert into Employee (PersonID, Pay) values (233, 3600);
insert into Employee (PersonID, Pay) values (234, 1200);
insert into Employee (PersonID, Pay) values (235, 2500);
insert into Employee (PersonID, Pay) values (236, 1600);
insert into Employee (PersonID, Pay) values (237, 1600);
insert into Employee (PersonID, Pay) values (238, 1200);
insert into Employee (PersonID, Pay) values (239, 1600);
insert into Employee (PersonID, Pay) values (240, 1200);
insert into Employee (PersonID, Pay) values (241, 1600);
insert into Employee (PersonID, Pay) values (242, 2500);
insert into Employee (PersonID, Pay) values (243, 2000);
insert into Employee (PersonID, Pay) values (244, 2500);
insert into Employee (PersonID, Pay) values (245, 1600);
insert into Employee (PersonID, Pay) values (246, 1200);
insert into Employee (PersonID, Pay) values (247, 1600);
insert into Employee (PersonID, Pay) values (248, 1600);
insert into Employee (PersonID, Pay) values (249, 2000);
insert into Employee (PersonID, Pay) values (250, 2000);
insert into Employee (PersonID, Pay) values (251, 3600);
insert into Employee (PersonID, Pay) values (252, 3600);
insert into Employee (PersonID, Pay) values (253, 3600);
insert into Employee (PersonID, Pay) values (254, 1200);
insert into Employee (PersonID, Pay) values (255, 3600);
insert into Employee (PersonID, Pay) values (256, 1600);
insert into Employee (PersonID, Pay) values (257, 3600);
insert into Employee (PersonID, Pay) values (258, 1600);
insert into Employee (PersonID, Pay) values (259, 2500);
insert into Employee (PersonID, Pay) values (260, 3600);
insert into Employee (PersonID, Pay) values (261, 1200);
insert into Employee (PersonID, Pay) values (262, 2500);
insert into Employee (PersonID, Pay) values (263, 3600);
insert into Employee (PersonID, Pay) values (264, 3600);
insert into Employee (PersonID, Pay) values (265, 2000);
insert into Employee (PersonID, Pay) values (266, 2000);
insert into Employee (PersonID, Pay) values (267, 1200);
insert into Employee (PersonID, Pay) values (268, 3600);
insert into Employee (PersonID, Pay) values (269, 3600);
insert into Employee (PersonID, Pay) values (270, 3600);
insert into Employee (PersonID, Pay) values (271, 2500);
insert into Employee (PersonID, Pay) values (272, 3600);
insert into Employee (PersonID, Pay) values (273, 3600);
insert into Employee (PersonID, Pay) values (274, 2000);
insert into Employee (PersonID, Pay) values (275, 2000);
insert into Employee (PersonID, Pay) values (276, 2000);
insert into Employee (PersonID, Pay) values (277, 1200);
insert into Employee (PersonID, Pay) values (278, 3600);
insert into Employee (PersonID, Pay) values (279, 1200);
insert into Employee (PersonID, Pay) values (280, 1600);
insert into Employee (PersonID, Pay) values (281, 1200);
insert into Employee (PersonID, Pay) values (282, 3600);
insert into Employee (PersonID, Pay) values (283, 2500);
insert into Employee (PersonID, Pay) values (284, 1200);
insert into Employee (PersonID, Pay) values (285, 2500);
insert into Employee (PersonID, Pay) values (286, 2500);
insert into Employee (PersonID, Pay) values (287, 2000);
insert into Employee (PersonID, Pay) values (288, 3600);
insert into Employee (PersonID, Pay) values (289, 2500);
insert into Employee (PersonID, Pay) values (290, 1600);
insert into Employee (PersonID, Pay) values (291, 1200);
insert into Employee (PersonID, Pay) values (292, 1200);
insert into Employee (PersonID, Pay) values (293, 1600);
insert into Employee (PersonID, Pay) values (294, 3600);
insert into Employee (PersonID, Pay) values (295, 1600);
insert into Employee (PersonID, Pay) values (296, 3600);
insert into Employee (PersonID, Pay) values (297, 2500);
insert into Employee (PersonID, Pay) values (298, 2000);
insert into Employee (PersonID, Pay) values (299, 3600);
insert into Employee (PersonID, Pay) values (300, 2000);
insert into Employee (PersonID, Pay) values (301, 1200);
insert into Employee (PersonID, Pay) values (302, 2500);
insert into Employee (PersonID, Pay) values (303, 2500);
insert into Employee (PersonID, Pay) values (304, 2000);
insert into Employee (PersonID, Pay) values (305, 1200);
insert into Employee (PersonID, Pay) values (306, 2500);
insert into Employee (PersonID, Pay) values (307, 1600);
insert into Employee (PersonID, Pay) values (308, 2500);
insert into Employee (PersonID, Pay) values (309, 2500);
insert into Employee (PersonID, Pay) values (310, 1600);
insert into Employee (PersonID, Pay) values (311, 1200);
insert into Employee (PersonID, Pay) values (312, 2500);
insert into Employee (PersonID, Pay) values (313, 2000);
insert into Employee (PersonID, Pay) values (314, 3600);
insert into Employee (PersonID, Pay) values (315, 2500);
insert into Employee (PersonID, Pay) values (316, 1600);
insert into Employee (PersonID, Pay) values (317, 3600);
insert into Employee (PersonID, Pay) values (318, 1200);
insert into Employee (PersonID, Pay) values (319, 2000);
insert into Employee (PersonID, Pay) values (320, 1200);
insert into Employee (PersonID, Pay) values (321, 3600);
insert into Employee (PersonID, Pay) values (322, 2500);
insert into Employee (PersonID, Pay) values (323, 2500);
insert into Employee (PersonID, Pay) values (324, 2000);
insert into Employee (PersonID, Pay) values (325, 2500);
insert into Employee (PersonID, Pay) values (326, 1600);
insert into Employee (PersonID, Pay) values (327, 2000);
insert into Employee (PersonID, Pay) values (328, 2000);
insert into Employee (PersonID, Pay) values (329, 2500);
insert into Employee (PersonID, Pay) values (330, 1200);
insert into Employee (PersonID, Pay) values (331, 1200);
insert into Employee (PersonID, Pay) values (332, 3600);
insert into Employee (PersonID, Pay) values (333, 1600);
insert into Employee (PersonID, Pay) values (334, 3600);
insert into Employee (PersonID, Pay) values (335, 1600);
insert into Employee (PersonID, Pay) values (336, 2000);
insert into Employee (PersonID, Pay) values (337, 2500);
insert into Employee (PersonID, Pay) values (338, 3600);
insert into Employee (PersonID, Pay) values (339, 1200);
insert into Employee (PersonID, Pay) values (340, 1200);
insert into Employee (PersonID, Pay) values (341, 1600);
insert into Employee (PersonID, Pay) values (342, 3600);
insert into Employee (PersonID, Pay) values (343, 1600);
insert into Employee (PersonID, Pay) values (344, 1600);
insert into Employee (PersonID, Pay) values (345, 1600);
insert into Employee (PersonID, Pay) values (346, 1200);
insert into Employee (PersonID, Pay) values (347, 3600);
insert into Employee (PersonID, Pay) values (348, 2500);
insert into Employee (PersonID, Pay) values (349, 1600);
insert into Employee (PersonID, Pay) values (350, 3600);
insert into Employee (PersonID, Pay) values (351, 1600);
insert into Employee (PersonID, Pay) values (352, 1600);
insert into Employee (PersonID, Pay) values (353, 3600);
insert into Employee (PersonID, Pay) values (354, 1600);
insert into Employee (PersonID, Pay) values (355, 2000);
insert into Employee (PersonID, Pay) values (356, 3600);
insert into Employee (PersonID, Pay) values (357, 2500);
insert into Employee (PersonID, Pay) values (358, 3600);
insert into Employee (PersonID, Pay) values (359, 1600);
insert into Employee (PersonID, Pay) values (360, 1600);
insert into Employee (PersonID, Pay) values (361, 1200);
insert into Employee (PersonID, Pay) values (362, 1200);
insert into Employee (PersonID, Pay) values (363, 1200);
insert into Employee (PersonID, Pay) values (364, 2000);
insert into Employee (PersonID, Pay) values (365, 2000);
insert into Employee (PersonID, Pay) values (366, 3600);
insert into Employee (PersonID, Pay) values (367, 3600);
insert into Employee (PersonID, Pay) values (368, 1200);
insert into Employee (PersonID, Pay) values (369, 2000);
insert into Employee (PersonID, Pay) values (370, 1200);
insert into Employee (PersonID, Pay) values (371, 2500);
insert into Employee (PersonID, Pay) values (372, 2000);
insert into Employee (PersonID, Pay) values (373, 1600);
insert into Employee (PersonID, Pay) values (374, 1200);
insert into Employee (PersonID, Pay) values (375, 1600);

insert into Manager (EmployeeID) values (105);
insert into Manager (EmployeeID) values (106);
insert into Manager (EmployeeID) values (107);
insert into Manager (EmployeeID) values (108);
insert into Manager (EmployeeID) values (109);
insert into Manager (EmployeeID) values (110);
insert into Manager (EmployeeID) values (111);
insert into Manager (EmployeeID) values (112);
insert into Manager (EmployeeID) values (113);
insert into Manager (EmployeeID) values (114);
insert into Manager (EmployeeID) values (115);
insert into Manager (EmployeeID) values (116);
insert into Manager (EmployeeID) values (117);
insert into Manager (EmployeeID) values (118);
insert into Manager (EmployeeID) values (119);
insert into Manager (EmployeeID) values (120);
insert into Manager (EmployeeID) values (121);
insert into Manager (EmployeeID) values (122);
insert into Manager (EmployeeID) values (123);
insert into Manager (EmployeeID) values (124);
insert into Manager (EmployeeID) values (125);
insert into Manager (EmployeeID) values (126);
insert into Manager (EmployeeID) values (127);
insert into Manager (EmployeeID) values (128);
insert into Manager (EmployeeID) values (129);
insert into Manager (EmployeeID) values (130);
insert into Manager (EmployeeID) values (131);
insert into Manager (EmployeeID) values (132);
insert into Manager (EmployeeID) values (133);
insert into Manager (EmployeeID) values (134);


-- listed in assignment doc
insert into Skill (SkillName) values ('carpentry');
insert into Skill (SkillName) values ('Plumbing');
insert into Skill (SkillName) values ('electrical');

insert into TechnicianSkill (EmployeeID, SkillID) values (1, 2);
insert into TechnicianSkill (EmployeeID, SkillID) values (2, 1);
insert into TechnicianSkill (EmployeeID, SkillID) values (3, 3);
insert into TechnicianSkill (EmployeeID, SkillID) values (4, 1);
insert into TechnicianSkill (EmployeeID, SkillID) values (5, 2);
insert into TechnicianSkill (EmployeeID, SkillID) values (6, 1);
insert into TechnicianSkill (EmployeeID, SkillID) values (7, 1);
insert into TechnicianSkill (EmployeeID, SkillID) values (8, 3);
insert into TechnicianSkill (EmployeeID, SkillID) values (8, 1);
insert into TechnicianSkill (EmployeeID, SkillID) values (8, 2);
insert into TechnicianSkill (EmployeeID, SkillID) values (9, 3);
insert into TechnicianSkill (EmployeeID, SkillID) values (10, 3);
insert into TechnicianSkill (EmployeeID, SkillID) values (11, 3);
insert into TechnicianSkill (EmployeeID, SkillID) values (12, 3);
insert into TechnicianSkill (EmployeeID, SkillID) values (13, 1);
insert into TechnicianSkill (EmployeeID, SkillID) values (14, 3);
insert into TechnicianSkill (EmployeeID, SkillID) values (15, 1);
insert into TechnicianSkill (EmployeeID, SkillID) values (16, 3);
insert into TechnicianSkill (EmployeeID, SkillID) values (17, 3);
insert into TechnicianSkill (EmployeeID, SkillID) values (18, 1);
insert into TechnicianSkill (EmployeeID, SkillID) values (19, 2);
insert into TechnicianSkill (EmployeeID, SkillID) values (20, 3);
insert into TechnicianSkill (EmployeeID, SkillID) values (21, 1);
insert into TechnicianSkill (EmployeeID, SkillID) values (22, 3);
insert into TechnicianSkill (EmployeeID, SkillID) values (23, 1);
insert into TechnicianSkill (EmployeeID, SkillID) values (24, 1);
insert into TechnicianSkill (EmployeeID, SkillID) values (25, 2);
insert into TechnicianSkill (EmployeeID, SkillID) values (26, 2);
insert into TechnicianSkill (EmployeeID, SkillID) values (27, 2);
insert into TechnicianSkill (EmployeeID, SkillID) values (28, 2);
insert into TechnicianSkill (EmployeeID, SkillID) values (29, 3);
insert into TechnicianSkill (EmployeeID, SkillID) values (30, 1);
insert into TechnicianSkill (EmployeeID, SkillID) values (31, 3);
insert into TechnicianSkill (EmployeeID, SkillID) values (32, 3);
insert into TechnicianSkill (EmployeeID, SkillID) values (33, 3);
insert into TechnicianSkill (EmployeeID, SkillID) values (34, 3);
insert into TechnicianSkill (EmployeeID, SkillID) values (35, 1);
insert into TechnicianSkill (EmployeeID, SkillID) values (36, 3);
insert into TechnicianSkill (EmployeeID, SkillID) values (37, 1);
insert into TechnicianSkill (EmployeeID, SkillID) values (38, 1);
insert into TechnicianSkill (EmployeeID, SkillID) values (39, 3);
insert into TechnicianSkill (EmployeeID, SkillID) values (40, 3);
insert into TechnicianSkill (EmployeeID, SkillID) values (41, 2);
insert into TechnicianSkill (EmployeeID, SkillID) values (42, 1);
insert into TechnicianSkill (EmployeeID, SkillID) values (43, 3);
insert into TechnicianSkill (EmployeeID, SkillID) values (44, 3);
insert into TechnicianSkill (EmployeeID, SkillID) values (45, 1);
insert into TechnicianSkill (EmployeeID, SkillID) values (46, 3);
insert into TechnicianSkill (EmployeeID, SkillID) values (47, 1);
insert into TechnicianSkill (EmployeeID, SkillID) values (48, 2);
insert into TechnicianSkill (EmployeeID, SkillID) values (49, 3);
insert into TechnicianSkill (EmployeeID, SkillID) values (50, 2);
insert into TechnicianSkill (EmployeeID, SkillID) values (51, 3);
insert into TechnicianSkill (EmployeeID, SkillID) values (52, 3);
insert into TechnicianSkill (EmployeeID, SkillID) values (53, 3);
insert into TechnicianSkill (EmployeeID, SkillID) values (54, 1);
insert into TechnicianSkill (EmployeeID, SkillID) values (55, 2);
insert into TechnicianSkill (EmployeeID, SkillID) values (56, 3);
insert into TechnicianSkill (EmployeeID, SkillID) values (57, 3);
insert into TechnicianSkill (EmployeeID, SkillID) values (58, 2);
insert into TechnicianSkill (EmployeeID, SkillID) values (59, 2);
insert into TechnicianSkill (EmployeeID, SkillID) values (60, 3);
insert into TechnicianSkill (EmployeeID, SkillID) values (61, 2);
insert into TechnicianSkill (EmployeeID, SkillID) values (62, 3);
insert into TechnicianSkill (EmployeeID, SkillID) values (63, 3);
insert into TechnicianSkill (EmployeeID, SkillID) values (64, 2);
insert into TechnicianSkill (EmployeeID, SkillID) values (65, 1);
insert into TechnicianSkill (EmployeeID, SkillID) values (66, 3);
insert into TechnicianSkill (EmployeeID, SkillID) values (67, 2);
insert into TechnicianSkill (EmployeeID, SkillID) values (68, 3);
insert into TechnicianSkill (EmployeeID, SkillID) values (69, 3);
insert into TechnicianSkill (EmployeeID, SkillID) values (70, 3);
insert into TechnicianSkill (EmployeeID, SkillID) values (71, 2);
insert into TechnicianSkill (EmployeeID, SkillID) values (72, 1);
insert into TechnicianSkill (EmployeeID, SkillID) values (73, 2);
insert into TechnicianSkill (EmployeeID, SkillID) values (74, 1);
insert into TechnicianSkill (EmployeeID, SkillID) values (75, 1);
insert into TechnicianSkill (EmployeeID, SkillID) values (76, 1);
insert into TechnicianSkill (EmployeeID, SkillID) values (77, 3);
insert into TechnicianSkill (EmployeeID, SkillID) values (78, 2);
insert into TechnicianSkill (EmployeeID, SkillID) values (79, 2);
insert into TechnicianSkill (EmployeeID, SkillID) values (80, 2);
insert into TechnicianSkill (EmployeeID, SkillID) values (81, 3);
insert into TechnicianSkill (EmployeeID, SkillID) values (82, 1);
insert into TechnicianSkill (EmployeeID, SkillID) values (83, 1);
insert into TechnicianSkill (EmployeeID, SkillID) values (84, 1);
insert into TechnicianSkill (EmployeeID, SkillID) values (85, 3);
insert into TechnicianSkill (EmployeeID, SkillID) values (86, 2);
insert into TechnicianSkill (EmployeeID, SkillID) values (87, 3);
insert into TechnicianSkill (EmployeeID, SkillID) values (88, 3);
insert into TechnicianSkill (EmployeeID, SkillID) values (89, 1);
insert into TechnicianSkill (EmployeeID, SkillID) values (90, 1);
insert into TechnicianSkill (EmployeeID, SkillID) values (91, 3);
insert into TechnicianSkill (EmployeeID, SkillID) values (92, 2);
insert into TechnicianSkill (EmployeeID, SkillID) values (93, 1);
insert into TechnicianSkill (EmployeeID, SkillID) values (94, 1);
insert into TechnicianSkill (EmployeeID, SkillID) values (95, 1);
insert into TechnicianSkill (EmployeeID, SkillID) values (96, 2);
insert into TechnicianSkill (EmployeeID, SkillID) values (97, 2);
insert into TechnicianSkill (EmployeeID, SkillID) values (98, 2);
insert into TechnicianSkill (EmployeeID, SkillID) values (99, 1);
insert into TechnicianSkill (EmployeeID, SkillID) values (100, 1);
insert into TechnicianSkill (EmployeeID, SkillID) values (101, 1);
insert into TechnicianSkill (EmployeeID, SkillID) values (102, 1);
insert into TechnicianSkill (EmployeeID, SkillID) values (103, 3);
insert into TechnicianSkill (EmployeeID, SkillID) values (104, 1);
insert into TechnicianSkill (EmployeeID, SkillID) values (76, 2);
insert into TechnicianSkill (EmployeeID, SkillID) values (93, 2);
insert into TechnicianSkill (EmployeeID, SkillID) values (15, 3);
insert into TechnicianSkill (EmployeeID, SkillID) values (101, 2);
insert into TechnicianSkill (EmployeeID, SkillID) values (65, 3);
insert into TechnicianSkill (EmployeeID, SkillID) values (51, 2);
insert into TechnicianSkill (EmployeeID, SkillID) values (2, 3);
insert into TechnicianSkill (EmployeeID, SkillID) values (3, 1);
insert into TechnicianSkill (EmployeeID, SkillID) values (78, 1);
insert into TechnicianSkill (EmployeeID, SkillID) values (99, 2);
insert into TechnicianSkill (EmployeeID, SkillID) values (81, 1);
insert into TechnicianSkill (EmployeeID, SkillID) values (38, 2);
insert into TechnicianSkill (EmployeeID, SkillID) values (67, 1);
insert into TechnicianSkill (EmployeeID, SkillID) values (32, 2);
insert into TechnicianSkill (EmployeeID, SkillID) values (56, 2);
insert into TechnicianSkill (EmployeeID, SkillID) values (52, 1);
insert into TechnicianSkill (EmployeeID, SkillID) values (18, 2);
insert into TechnicianSkill (EmployeeID, SkillID) values (68, 1);
insert into TechnicianSkill (EmployeeID, SkillID) values (9, 1);
insert into TechnicianSkill (EmployeeID, SkillID) values (39, 1);
insert into TechnicianSkill (EmployeeID, SkillID) values (17, 1);
insert into TechnicianSkill (EmployeeID, SkillID) values (102, 3);
insert into TechnicianSkill (EmployeeID, SkillID) values (36, 1);
insert into TechnicianSkill (EmployeeID, SkillID) values (89, 2);
insert into TechnicianSkill (EmployeeID, SkillID) values (24, 2);


-- Assumption only 9 Buildings to hold 45 apartments, 5 apartments per building
insert into Building (Address, Postcode) values ('78 Malone Road', 'BT9 5BW');
insert into Building (Address, Postcode) values ('1 Mc Clintock St', 'BT2 7GL');
insert into Building (Address, Postcode) values ('8 College St', 'BT1 6DS');
insert into Building (Address, Postcode) values ('78 Malone Road', 'BT9 5BW');
insert into Building (Address, Postcode) values ('1 Mc Clintock St', 'BT2 7GL');
insert into Building (Address, Postcode) values ('8 College St', 'BT1 6DS');
insert into Building (Address, Postcode) values ('78 Malone Road', 'BT9 5BW');
insert into Building (Address, Postcode) values ('1 Mc Clintock St', 'BT2 7GL');
insert into Building (Address, Postcode) values ('8 College St', 'BT1 6DS');

-- 
insert into Apartment (AptNo, Bedrooms, Bathrooms, TotalArea) values (1, 5, 5, 15);
insert into Apartment (AptNo, Bedrooms, Bathrooms, TotalArea) values (2, 5, 5, 15);
insert into Apartment (AptNo, Bedrooms, Bathrooms, TotalArea) values (3, 5, 5, 30);
insert into Apartment (AptNo, Bedrooms, Bathrooms, TotalArea) values (4, 5, 5, 15);
insert into Apartment (AptNo, Bedrooms, Bathrooms, TotalArea) values (5, 6, 6, 10);
insert into Apartment (AptNo, Bedrooms, Bathrooms, TotalArea) values (6, 9, 6, 30);
insert into Apartment (AptNo, Bedrooms, Bathrooms, TotalArea) values (7, 8, 5, 15);
insert into Apartment (AptNo, Bedrooms, Bathrooms, TotalArea) values (8, 5, 2, 10);
insert into Apartment (AptNo, Bedrooms, Bathrooms, TotalArea) values (9, 10, 9, 30);
insert into Apartment (AptNo, Bedrooms, Bathrooms, TotalArea) values (1, 6, 4, 15);
insert into Apartment (AptNo, Bedrooms, Bathrooms, TotalArea) values (2, 9, 5, 10);
insert into Apartment (AptNo, Bedrooms, Bathrooms, TotalArea) values (3, 9, 5, 10);
insert into Apartment (AptNo, Bedrooms, Bathrooms, TotalArea) values (4, 5, 5, 30);
insert into Apartment (AptNo, Bedrooms, Bathrooms, TotalArea) values (5, 5, 10, 30);
insert into Apartment (AptNo, Bedrooms, Bathrooms, TotalArea) values (6, 10, 5, 15);
insert into Apartment (AptNo, Bedrooms, Bathrooms, TotalArea) values (7, 5, 5, 15);
insert into Apartment (AptNo, Bedrooms, Bathrooms, TotalArea) values (8, 7, 2, 30);
insert into Apartment (AptNo, Bedrooms, Bathrooms, TotalArea) values (9, 5, 5, 10);
insert into Apartment (AptNo, Bedrooms, Bathrooms, TotalArea) values (1, 10, 4, 15);
insert into Apartment (AptNo, Bedrooms, Bathrooms, TotalArea) values (2, 9, 3, 15);
insert into Apartment (AptNo, Bedrooms, Bathrooms, TotalArea) values (3, 5, 8, 10);
insert into Apartment (AptNo, Bedrooms, Bathrooms, TotalArea) values (4, 6, 2, 15);
insert into Apartment (AptNo, Bedrooms, Bathrooms, TotalArea) values (5, 10, 7, 10);
insert into Apartment (AptNo, Bedrooms, Bathrooms, TotalArea) values (6, 10, 5, 30);
insert into Apartment (AptNo, Bedrooms, Bathrooms, TotalArea) values (7, 5, 4, 10);
insert into Apartment (AptNo, Bedrooms, Bathrooms, TotalArea) values (8, 7, 6, 15);
insert into Apartment (AptNo, Bedrooms, Bathrooms, TotalArea) values (9, 6, 5, 15);
insert into Apartment (AptNo, Bedrooms, Bathrooms, TotalArea) values (1, 5, 10, 30);
insert into Apartment (AptNo, Bedrooms, Bathrooms, TotalArea) values (2, 7, 2, 30);
insert into Apartment (AptNo, Bedrooms, Bathrooms, TotalArea) values (3, 7, 5, 30);
insert into Apartment (AptNo, Bedrooms, Bathrooms, TotalArea) values (4, 9, 6, 30);
insert into Apartment (AptNo, Bedrooms, Bathrooms, TotalArea) values (5, 5, 6, 15);
insert into Apartment (AptNo, Bedrooms, Bathrooms, TotalArea) values (6, 7, 4, 10);
insert into Apartment (AptNo, Bedrooms, Bathrooms, TotalArea) values (7, 9, 2, 15);
insert into Apartment (AptNo, Bedrooms, Bathrooms, TotalArea) values (8, 9, 7, 15);
insert into Apartment (AptNo, Bedrooms, Bathrooms, TotalArea) values (9, 7, 8, 30);
insert into Apartment (AptNo, Bedrooms, Bathrooms, TotalArea) values (1, 9, 7, 30);
insert into Apartment (AptNo, Bedrooms, Bathrooms, TotalArea) values (2, 5, 8, 30);
insert into Apartment (AptNo, Bedrooms, Bathrooms, TotalArea) values (3, 10, 4, 15);
insert into Apartment (AptNo, Bedrooms, Bathrooms, TotalArea) values (4, 6, 9, 15);
insert into Apartment (AptNo, Bedrooms, Bathrooms, TotalArea) values (5, 9, 3, 30);
insert into Apartment (AptNo, Bedrooms, Bathrooms, TotalArea) values (6, 8, 2, 10);
insert into Apartment (AptNo, Bedrooms, Bathrooms, TotalArea) values (7, 10, 2, 30);
insert into Apartment (AptNo, Bedrooms, Bathrooms, TotalArea) values (8, 8, 6, 30);
insert into Apartment (AptNo, Bedrooms, Bathrooms, TotalArea) values (9, 7, 4, 10);
insert into Apartment (AptNo, Bedrooms, Bathrooms, TotalArea) values (1, 7, 7, 10);
insert into Apartment (AptNo, Bedrooms, Bathrooms, TotalArea) values (2, 8, 3, 15);
insert into Apartment (AptNo, Bedrooms, Bathrooms, TotalArea) values (3, 9, 8, 10);
insert into Apartment (AptNo, Bedrooms, Bathrooms, TotalArea) values (4, 5, 10, 30);
insert into Apartment (AptNo, Bedrooms, Bathrooms, TotalArea) values (5, 8, 2, 10);
insert into Apartment (AptNo, Bedrooms, Bathrooms, TotalArea) values (6, 7, 9, 30);
insert into Apartment (AptNo, Bedrooms, Bathrooms, TotalArea) values (7, 5, 5, 15);
insert into Apartment (AptNo, Bedrooms, Bathrooms, TotalArea) values (8, 5, 5, 15);
insert into Apartment (AptNo, Bedrooms, Bathrooms, TotalArea) values (9, 5, 5, 10);
insert into Apartment (AptNo, Bedrooms, Bathrooms, TotalArea) values (1, 9, 2, 10);
insert into Apartment (AptNo, Bedrooms, Bathrooms, TotalArea) values (2, 6, 7, 15);
insert into Apartment (AptNo, Bedrooms, Bathrooms, TotalArea) values (3, 8, 7, 30);
insert into Apartment (AptNo, Bedrooms, Bathrooms, TotalArea) values (4, 7, 9, 30);
insert into Apartment (AptNo, Bedrooms, Bathrooms, TotalArea) values (5, 6, 5, 30);
insert into Apartment (AptNo, Bedrooms, Bathrooms, TotalArea) values (6, 5, 4, 10);
insert into Apartment (AptNo, Bedrooms, Bathrooms, TotalArea) values (7, 6, 10, 15);
insert into Apartment (AptNo, Bedrooms, Bathrooms, TotalArea) values (8, 8, 8, 30);
insert into Apartment (AptNo, Bedrooms, Bathrooms, TotalArea) values (9, 7, 9, 15);
insert into Apartment (AptNo, Bedrooms, Bathrooms, TotalArea) values (1, 10, 9, 15);
insert into Apartment (AptNo, Bedrooms, Bathrooms, TotalArea) values (2, 9, 7, 30);
insert into Apartment (AptNo, Bedrooms, Bathrooms, TotalArea) values (3, 7, 10, 10);
insert into Apartment (AptNo, Bedrooms, Bathrooms, TotalArea) values (4, 5, 3, 15);
insert into Apartment (AptNo, Bedrooms, Bathrooms, TotalArea) values (5, 7, 10, 15);
insert into Apartment (AptNo, Bedrooms, Bathrooms, TotalArea) values (6, 6, 3, 10);
insert into Apartment (AptNo, Bedrooms, Bathrooms, TotalArea) values (7, 10, 7, 30);
insert into Apartment (AptNo, Bedrooms, Bathrooms, TotalArea) values (8, 5, 6, 30);
insert into Apartment (AptNo, Bedrooms, Bathrooms, TotalArea) values (9, 9, 4, 30);
insert into Apartment (AptNo, Bedrooms, Bathrooms, TotalArea) values (1, 5, 10, 30);
insert into Apartment (AptNo, Bedrooms, Bathrooms, TotalArea) values (2, 6, 4, 30);
insert into Apartment (AptNo, Bedrooms, Bathrooms, TotalArea) values (3, 6, 9, 10);
insert into Apartment (AptNo, Bedrooms, Bathrooms, TotalArea) values (4, 5, 7, 30);
insert into Apartment (AptNo, Bedrooms, Bathrooms, TotalArea) values (5, 5, 10, 10);
insert into Apartment (AptNo, Bedrooms, Bathrooms, TotalArea) values (6, 10, 5, 10);
insert into Apartment (AptNo, Bedrooms, Bathrooms, TotalArea) values (7, 7, 7, 10);
insert into Apartment (AptNo, Bedrooms, Bathrooms, TotalArea) values (8, 8, 10, 15);
insert into Apartment (AptNo, Bedrooms, Bathrooms, TotalArea) values (9, 8, 10, 30);
insert into Apartment (AptNo, Bedrooms, Bathrooms, TotalArea) values (1, 9, 7, 15);
insert into Apartment (AptNo, Bedrooms, Bathrooms, TotalArea) values (2, 7, 7, 15);
insert into Apartment (AptNo, Bedrooms, Bathrooms, TotalArea) values (3, 9, 5, 30);
insert into Apartment (AptNo, Bedrooms, Bathrooms, TotalArea) values (4, 10, 2, 10);
insert into Apartment (AptNo, Bedrooms, Bathrooms, TotalArea) values (5, 6, 10, 10);
insert into Apartment (AptNo, Bedrooms, Bathrooms, TotalArea) values (6, 5, 4, 10);
insert into Apartment (AptNo, Bedrooms, Bathrooms, TotalArea) values (7, 9, 6, 15);
insert into Apartment (AptNo, Bedrooms, Bathrooms, TotalArea) values (8, 6, 4, 15);
insert into Apartment (AptNo, Bedrooms, Bathrooms, TotalArea) values (9, 6, 6, 30);
insert into Apartment (AptNo, Bedrooms, Bathrooms, TotalArea) values (1, 5, 6, 30);
insert into Apartment (AptNo, Bedrooms, Bathrooms, TotalArea) values (2, 9, 10, 30);
insert into Apartment (AptNo, Bedrooms, Bathrooms, TotalArea) values (3, 5, 3, 15);
insert into Apartment (AptNo, Bedrooms, Bathrooms, TotalArea) values (4, 9, 3, 10);
insert into Apartment (AptNo, Bedrooms, Bathrooms, TotalArea) values (5, 10, 9, 15);
insert into Apartment (AptNo, Bedrooms, Bathrooms, TotalArea) values (6, 6, 9, 30);
insert into Apartment (AptNo, Bedrooms, Bathrooms, TotalArea) values (7, 5, 3, 10);
insert into Apartment (AptNo, Bedrooms, Bathrooms, TotalArea) values (8, 8, 9, 15);
insert into Apartment (AptNo, Bedrooms, Bathrooms, TotalArea) values (9, 7, 10, 30);
insert into Apartment (AptNo, Bedrooms, Bathrooms, TotalArea) values (1, 8, 7, 30);
insert into Apartment (AptNo, Bedrooms, Bathrooms, TotalArea) values (2, 9, 9, 30);
insert into Apartment (AptNo, Bedrooms, Bathrooms, TotalArea) values (3, 8, 8, 15);
insert into Apartment (AptNo, Bedrooms, Bathrooms, TotalArea) values (4, 10, 5, 10);
insert into Apartment (AptNo, Bedrooms, Bathrooms, TotalArea) values (5, 5, 3, 15);
insert into Apartment (AptNo, Bedrooms, Bathrooms, TotalArea) values (6, 8, 4, 10);
insert into Apartment (AptNo, Bedrooms, Bathrooms, TotalArea) values (7, 10, 4, 15);
insert into Apartment (AptNo, Bedrooms, Bathrooms, TotalArea) values (8, 5, 9, 15);
insert into Apartment (AptNo, Bedrooms, Bathrooms, TotalArea) values (9, 8, 2, 30);
insert into Apartment (AptNo, Bedrooms, Bathrooms, TotalArea) values (1, 7, 7, 15);
insert into Apartment (AptNo, Bedrooms, Bathrooms, TotalArea) values (2, 6, 2, 30);
insert into Apartment (AptNo, Bedrooms, Bathrooms, TotalArea) values (3, 5, 9, 15);
insert into Apartment (AptNo, Bedrooms, Bathrooms, TotalArea) values (4, 10, 8, 10);
insert into Apartment (AptNo, Bedrooms, Bathrooms, TotalArea) values (5, 6, 6, 10);
insert into Apartment (AptNo, Bedrooms, Bathrooms, TotalArea) values (6, 9, 2, 15);
insert into Apartment (AptNo, Bedrooms, Bathrooms, TotalArea) values (7, 5, 4, 30);
insert into Apartment (AptNo, Bedrooms, Bathrooms, TotalArea) values (8, 5, 4, 30);
insert into Apartment (AptNo, Bedrooms, Bathrooms, TotalArea) values (9, 5, 8, 10);
insert into Apartment (AptNo, Bedrooms, Bathrooms, TotalArea) values (1, 9, 8, 15);
insert into Apartment (AptNo, Bedrooms, Bathrooms, TotalArea) values (2, 5, 6, 30);
insert into Apartment (AptNo, Bedrooms, Bathrooms, TotalArea) values (3, 6, 9, 30);
insert into Apartment (AptNo, Bedrooms, Bathrooms, TotalArea) values (4, 8, 6, 15);
insert into Apartment (AptNo, Bedrooms, Bathrooms, TotalArea) values (5, 5, 9, 10);
insert into Apartment (AptNo, Bedrooms, Bathrooms, TotalArea) values (6, 6, 7, 30);
insert into Apartment (AptNo, Bedrooms, Bathrooms, TotalArea) values (7, 7, 10, 15);
insert into Apartment (AptNo, Bedrooms, Bathrooms, TotalArea) values (8, 5, 9, 30);
insert into Apartment (AptNo, Bedrooms, Bathrooms, TotalArea) values (9, 6, 8, 30);
insert into Apartment (AptNo, Bedrooms, Bathrooms, TotalArea) values (1, 5, 8, 30);
insert into Apartment (AptNo, Bedrooms, Bathrooms, TotalArea) values (2, 10, 8, 10);
insert into Apartment (AptNo, Bedrooms, Bathrooms, TotalArea) values (3, 9, 4, 10);
insert into Apartment (AptNo, Bedrooms, Bathrooms, TotalArea) values (4, 5, 6, 30);
insert into Apartment (AptNo, Bedrooms, Bathrooms, TotalArea) values (5, 6, 7, 15);
insert into Apartment (AptNo, Bedrooms, Bathrooms, TotalArea) values (6, 10, 2, 30);
insert into Apartment (AptNo, Bedrooms, Bathrooms, TotalArea) values (7, 5, 10, 30);
insert into Apartment (AptNo, Bedrooms, Bathrooms, TotalArea) values (8, 8, 4, 15);
insert into Apartment (AptNo, Bedrooms, Bathrooms, TotalArea) values (9, 7, 9, 15);
insert into Apartment (AptNo, Bedrooms, Bathrooms, TotalArea) values (1, 10, 10, 30);
insert into Apartment (AptNo, Bedrooms, Bathrooms, TotalArea) values (2, 9, 3, 10);
insert into Apartment (AptNo, Bedrooms, Bathrooms, TotalArea) values (3, 8, 2, 15);
insert into Apartment (AptNo, Bedrooms, Bathrooms, TotalArea) values (4, 9, 6, 10);
insert into Apartment (AptNo, Bedrooms, Bathrooms, TotalArea) values (5, 8, 5, 10);
insert into Apartment (AptNo, Bedrooms, Bathrooms, TotalArea) values (6, 9, 6, 30);
insert into Apartment (AptNo, Bedrooms, Bathrooms, TotalArea) values (7, 6, 10, 30);
insert into Apartment (AptNo, Bedrooms, Bathrooms, TotalArea) values (8, 6, 5, 30);
insert into Apartment (AptNo, Bedrooms, Bathrooms, TotalArea) values (9, 10, 7, 10);
insert into Apartment (AptNo, Bedrooms, Bathrooms, TotalArea) values (1, 6, 7, 30);
insert into Apartment (AptNo, Bedrooms, Bathrooms, TotalArea) values (2, 5, 5, 15);
insert into Apartment (AptNo, Bedrooms, Bathrooms, TotalArea) values (3, 10, 4, 15);
insert into Apartment (AptNo, Bedrooms, Bathrooms, TotalArea) values (4, 5, 3, 30);
insert into Apartment (AptNo, Bedrooms, Bathrooms, TotalArea) values (5, 6, 7, 30);
insert into Apartment (AptNo, Bedrooms, Bathrooms, TotalArea) values (6, 8, 8, 10);
insert into Apartment (AptNo, Bedrooms, Bathrooms, TotalArea) values (7, 7, 7, 15);
insert into Apartment (AptNo, Bedrooms, Bathrooms, TotalArea) values (8, 8, 5, 30);
insert into Apartment (AptNo, Bedrooms, Bathrooms, TotalArea) values (9, 9, 9, 30);
insert into Apartment (AptNo, Bedrooms, Bathrooms, TotalArea) values (1, 8, 2, 30);
insert into Apartment (AptNo, Bedrooms, Bathrooms, TotalArea) values (2, 10, 4, 10);
insert into Apartment (AptNo, Bedrooms, Bathrooms, TotalArea) values (3, 10, 5, 30);
insert into Apartment (AptNo, Bedrooms, Bathrooms, TotalArea) values (4, 10, 10, 15);
insert into Apartment (AptNo, Bedrooms, Bathrooms, TotalArea) values (5, 8, 5, 30);
insert into Apartment (AptNo, Bedrooms, Bathrooms, TotalArea) values (6, 6, 9, 10);
insert into Apartment (AptNo, Bedrooms, Bathrooms, TotalArea) values (7, 10, 6, 15);
insert into Apartment (AptNo, Bedrooms, Bathrooms, TotalArea) values (8, 8, 6, 10);
insert into Apartment (AptNo, Bedrooms, Bathrooms, TotalArea) values (9, 6, 2, 15);
insert into Apartment (AptNo, Bedrooms, Bathrooms, TotalArea) values (1, 8, 7, 10);
insert into Apartment (AptNo, Bedrooms, Bathrooms, TotalArea) values (2, 5, 9, 15);
insert into Apartment (AptNo, Bedrooms, Bathrooms, TotalArea) values (3, 8, 3, 10);
insert into Apartment (AptNo, Bedrooms, Bathrooms, TotalArea) values (4, 5, 7, 30);
insert into Apartment (AptNo, Bedrooms, Bathrooms, TotalArea) values (5, 10, 10, 30);
insert into Apartment (AptNo, Bedrooms, Bathrooms, TotalArea) values (6, 10, 7, 10);
insert into Apartment (AptNo, Bedrooms, Bathrooms, TotalArea) values (7, 6, 8, 15);
insert into Apartment (AptNo, Bedrooms, Bathrooms, TotalArea) values (8, 5, 9, 15);
insert into Apartment (AptNo, Bedrooms, Bathrooms, TotalArea) values (9, 10, 4, 15);
insert into Apartment (AptNo, Bedrooms, Bathrooms, TotalArea) values (1, 7, 6, 30);
insert into Apartment (AptNo, Bedrooms, Bathrooms, TotalArea) values (2, 8, 7, 10);
insert into Apartment (AptNo, Bedrooms, Bathrooms, TotalArea) values (3, 7, 9, 30);
insert into Apartment (AptNo, Bedrooms, Bathrooms, TotalArea) values (4, 9, 2, 30);
insert into Apartment (AptNo, Bedrooms, Bathrooms, TotalArea) values (5, 7, 8, 30);
insert into Apartment (AptNo, Bedrooms, Bathrooms, TotalArea) values (6, 10, 3, 15);
insert into Apartment (AptNo, Bedrooms, Bathrooms, TotalArea) values (7, 10, 6, 10);
insert into Apartment (AptNo, Bedrooms, Bathrooms, TotalArea) values (8, 10, 7, 15);
insert into Apartment (AptNo, Bedrooms, Bathrooms, TotalArea) values (9, 9, 10, 15);
insert into Apartment (AptNo, Bedrooms, Bathrooms, TotalArea) values (1, 7, 4, 10);
insert into Apartment (AptNo, Bedrooms, Bathrooms, TotalArea) values (2, 9, 7, 15);
insert into Apartment (AptNo, Bedrooms, Bathrooms, TotalArea) values (3, 9, 6, 30);
insert into Apartment (AptNo, Bedrooms, Bathrooms, TotalArea) values (4, 10, 7, 30);
insert into Apartment (AptNo, Bedrooms, Bathrooms, TotalArea) values (5, 9, 4, 30);
insert into Apartment (AptNo, Bedrooms, Bathrooms, TotalArea) values (6, 6, 7, 30);
insert into Apartment (AptNo, Bedrooms, Bathrooms, TotalArea) values (7, 9, 9, 15);
insert into Apartment (AptNo, Bedrooms, Bathrooms, TotalArea) values (8, 9, 7, 10);
insert into Apartment (AptNo, Bedrooms, Bathrooms, TotalArea) values (9, 7, 9, 10);
insert into Apartment (AptNo, Bedrooms, Bathrooms, TotalArea) values (1, 7, 10, 15);
insert into Apartment (AptNo, Bedrooms, Bathrooms, TotalArea) values (2, 6, 8, 10);
insert into Apartment (AptNo, Bedrooms, Bathrooms, TotalArea) values (3, 5, 9, 30);
insert into Apartment (AptNo, Bedrooms, Bathrooms, TotalArea) values (4, 8, 3, 15);
insert into Apartment (AptNo, Bedrooms, Bathrooms, TotalArea) values (5, 8, 9, 10);
insert into Apartment (AptNo, Bedrooms, Bathrooms, TotalArea) values (6, 9, 5, 10);
insert into Apartment (AptNo, Bedrooms, Bathrooms, TotalArea) values (7, 7, 9, 30);
insert into Apartment (AptNo, Bedrooms, Bathrooms, TotalArea) values (8, 8, 10, 30);
insert into Apartment (AptNo, Bedrooms, Bathrooms, TotalArea) values (9, 9, 5, 15);
insert into Apartment (AptNo, Bedrooms, Bathrooms, TotalArea) values (1, 9, 8, 15);
insert into Apartment (AptNo, Bedrooms, Bathrooms, TotalArea) values (2, 6, 4, 30);
insert into Apartment (AptNo, Bedrooms, Bathrooms, TotalArea) values (3, 5, 7, 30);
insert into Apartment (AptNo, Bedrooms, Bathrooms, TotalArea) values (4, 7, 3, 15);
insert into Apartment (AptNo, Bedrooms, Bathrooms, TotalArea) values (5, 5, 5, 15);
insert into Apartment (AptNo, Bedrooms, Bathrooms, TotalArea) values (6, 5, 5, 30);
insert into Apartment (AptNo, Bedrooms, Bathrooms, TotalArea) values (7, 5, 5, 10);
insert into Apartment (AptNo, Bedrooms, Bathrooms, TotalArea) values (8, 5, 5, 30);
insert into Apartment (AptNo, Bedrooms, Bathrooms, TotalArea) values (9, 5, 5, 15);
insert into Apartment (AptNo, Bedrooms, Bathrooms, TotalArea) values (1, 8, 4, 15);
insert into Apartment (AptNo, Bedrooms, Bathrooms, TotalArea) values (2, 5, 5, 15);
insert into Apartment (AptNo, Bedrooms, Bathrooms, TotalArea) values (3, 1, 1, 30);
insert into Apartment (AptNo, Bedrooms, Bathrooms, TotalArea) values (4, 9, 2, 10);
insert into Apartment (AptNo, Bedrooms, Bathrooms, TotalArea) values (5, 9, 7, 15);
insert into Apartment (AptNo, Bedrooms, Bathrooms, TotalArea) values (6, 5, 7, 10);
insert into Apartment (AptNo, Bedrooms, Bathrooms, TotalArea) values (7, 9, 6, 10);
insert into Apartment (AptNo, Bedrooms, Bathrooms, TotalArea) values (8, 5, 6, 15);
insert into Apartment (AptNo, Bedrooms, Bathrooms, TotalArea) values (9, 10, 8, 10);
insert into Apartment (AptNo, Bedrooms, Bathrooms, TotalArea) values (1, 10, 10, 30);
insert into Apartment (AptNo, Bedrooms, Bathrooms, TotalArea) values (2, 7, 6, 15);
insert into Apartment (AptNo, Bedrooms, Bathrooms, TotalArea) values (3, 5, 2, 30);
insert into Apartment (AptNo, Bedrooms, Bathrooms, TotalArea) values (4, 5, 10, 30);
insert into Apartment (AptNo, Bedrooms, Bathrooms, TotalArea) values (5, 8, 10, 30);
insert into Apartment (AptNo, Bedrooms, Bathrooms, TotalArea) values (6, 10, 10, 15);
insert into Apartment (AptNo, Bedrooms, Bathrooms, TotalArea) values (7, 7, 10, 10);
insert into Apartment (AptNo, Bedrooms, Bathrooms, TotalArea) values (8, 5, 10, 30);
insert into Apartment (AptNo, Bedrooms, Bathrooms, TotalArea) values (9, 6, 6, 15);

insert into ApartmentManager (AptID, ManagerID) values (1, 1);
insert into ApartmentManager (AptID, ManagerID) values (2, 2);
insert into ApartmentManager (AptID, ManagerID) values (3, 3);
insert into ApartmentManager (AptID, ManagerID) values (4, 4);
insert into ApartmentManager (AptID, ManagerID) values (5, 5);
insert into ApartmentManager (AptID, ManagerID) values (6, 6);
insert into ApartmentManager (AptID, ManagerID) values (7, 7);
insert into ApartmentManager (AptID, ManagerID) values (8, 8);
insert into ApartmentManager (AptID, ManagerID) values (9, 9);
insert into ApartmentManager (AptID, ManagerID) values (10, 10);
insert into ApartmentManager (AptID, ManagerID) values (11, 11);
insert into ApartmentManager (AptID, ManagerID) values (12, 11);
insert into ApartmentManager (AptID, ManagerID) values (13, 11);
insert into ApartmentManager (AptID, ManagerID) values (14, 12);
insert into ApartmentManager (AptID, ManagerID) values (15, 13);
insert into ApartmentManager (AptID, ManagerID) values (16, 13);
insert into ApartmentManager (AptID, ManagerID) values (17, 14);
insert into ApartmentManager (AptID, ManagerID) values (18, 15);
insert into ApartmentManager (AptID, ManagerID) values (19, 15);
insert into ApartmentManager (AptID, ManagerID) values (20, 16);
insert into ApartmentManager (AptID, ManagerID) values (21, 17);
insert into ApartmentManager (AptID, ManagerID) values (22, 17);
insert into ApartmentManager (AptID, ManagerID) values (23, 17);
insert into ApartmentManager (AptID, ManagerID) values (24, 18);
insert into ApartmentManager (AptID, ManagerID) values (25, 19);
insert into ApartmentManager (AptID, ManagerID) values (26, 19);
insert into ApartmentManager (AptID, ManagerID) values (27, 19);
insert into ApartmentManager (AptID, ManagerID) values (28, 20);
insert into ApartmentManager (AptID, ManagerID) values (29, 21);
insert into ApartmentManager (AptID, ManagerID) values (30, 21);
insert into ApartmentManager (AptID, ManagerID) values (31, 22);
insert into ApartmentManager (AptID, ManagerID) values (32, 23);
insert into ApartmentManager (AptID, ManagerID) values (33, 23);
insert into ApartmentManager (AptID, ManagerID) values (34, 24);
insert into ApartmentManager (AptID, ManagerID) values (35, 24);
insert into ApartmentManager (AptID, ManagerID) values (36, 24);
insert into ApartmentManager (AptID, ManagerID) values (37, 25);
insert into ApartmentManager (AptID, ManagerID) values (38, 25);
insert into ApartmentManager (AptID, ManagerID) values (39, 26);
insert into ApartmentManager (AptID, ManagerID) values (40, 27);
insert into ApartmentManager (AptID, ManagerID) values (41, 27);
insert into ApartmentManager (AptID, ManagerID) values (42, 27);
insert into ApartmentManager (AptID, ManagerID) values (43, 28);
insert into ApartmentManager (AptID, ManagerID) values (44, 29);
insert into ApartmentManager (AptID, ManagerID) values (45, 30);

insert into Office (AptID) values (1);
insert into Office (AptID) values (2);
insert into Office (AptID) values (3);
insert into Office (AptID) values (4);
insert into Office (AptID) values (5);
insert into Office (AptID) values (6);
insert into Office (AptID) values (7);
insert into Office (AptID) values (8);
insert into Office (AptID) values (9);
insert into Office (AptID) values (10);
insert into Office (AptID) values (11);
insert into Office (AptID) values (14);
insert into Office (AptID) values (15);
insert into Office (AptID) values (17);
insert into Office (AptID) values (18);
insert into Office (AptID) values (20);
insert into Office (AptID) values (21);
insert into Office (AptID) values (24);
insert into Office (AptID) values (25);
insert into Office (AptID) values (28);
insert into Office (AptID) values (29);
insert into Office (AptID) values (31);
insert into Office (AptID) values (32);
insert into Office (AptID) values (34);
insert into Office (AptID) values (37);
insert into Office (AptID) values (39);
insert into Office (AptID) values (40);
insert into Office (AptID) values (43);
insert into Office (AptID) values (44);
insert into Office (AptID) values (45);

insert into ManagerOffice (ManagerID, OfficeID) values (1, 1);
insert into ManagerOffice (ManagerID, OfficeID) values (2, 2);
insert into ManagerOffice (ManagerID, OfficeID) values (3, 3);
insert into ManagerOffice (ManagerID, OfficeID) values (4, 4);
insert into ManagerOffice (ManagerID, OfficeID) values (5, 5);
insert into ManagerOffice (ManagerID, OfficeID) values (6, 6);
insert into ManagerOffice (ManagerID, OfficeID) values (7, 7);
insert into ManagerOffice (ManagerID, OfficeID) values (8, 8);
insert into ManagerOffice (ManagerID, OfficeID) values (9, 9);
insert into ManagerOffice (ManagerID, OfficeID) values (10, 10);
insert into ManagerOffice (ManagerID, OfficeID) values (11, 11);
insert into ManagerOffice (ManagerID, OfficeID) values (12, 12);
insert into ManagerOffice (ManagerID, OfficeID) values (13, 13);
insert into ManagerOffice (ManagerID, OfficeID) values (14, 14);
insert into ManagerOffice (ManagerID, OfficeID) values (15, 15);
insert into ManagerOffice (ManagerID, OfficeID) values (16, 16);
insert into ManagerOffice (ManagerID, OfficeID) values (17, 17);
insert into ManagerOffice (ManagerID, OfficeID) values (18, 18);
insert into ManagerOffice (ManagerID, OfficeID) values (19, 19);
insert into ManagerOffice (ManagerID, OfficeID) values (20, 20);
insert into ManagerOffice (ManagerID, OfficeID) values (21, 21);
insert into ManagerOffice (ManagerID, OfficeID) values (22, 22);
insert into ManagerOffice (ManagerID, OfficeID) values (23, 23);
insert into ManagerOffice (ManagerID, OfficeID) values (24, 24);
insert into ManagerOffice (ManagerID, OfficeID) values (25, 25);
insert into ManagerOffice (ManagerID, OfficeID) values (26, 26);
insert into ManagerOffice (ManagerID, OfficeID) values (27, 27);
insert into ManagerOffice (ManagerID, OfficeID) values (28, 28);
insert into ManagerOffice (ManagerID, OfficeID) values (29, 29);
insert into ManagerOffice (ManagerID, OfficeID) values (30, 30);


insert into ApartmentBuilding (AptID, BuildingID) values (1, 1);
insert into ApartmentBuilding (AptID, BuildingID) values (2, 1);
insert into ApartmentBuilding (AptID, BuildingID) values (3, 1);
insert into ApartmentBuilding (AptID, BuildingID) values (4, 1);
insert into ApartmentBuilding (AptID, BuildingID) values (5, 1);
insert into ApartmentBuilding (AptID, BuildingID) values (6, 1);
insert into ApartmentBuilding (AptID, BuildingID) values (7, 1);
insert into ApartmentBuilding (AptID, BuildingID) values (8, 1);
insert into ApartmentBuilding (AptID, BuildingID) values (9, 1);
insert into ApartmentBuilding (AptID, BuildingID) values (10, 2);
insert into ApartmentBuilding (AptID, BuildingID) values (11, 2);
insert into ApartmentBuilding (AptID, BuildingID) values (12, 2);
insert into ApartmentBuilding (AptID, BuildingID) values (13, 2);
insert into ApartmentBuilding (AptID, BuildingID) values (14, 2);
insert into ApartmentBuilding (AptID, BuildingID) values (15, 2);
insert into ApartmentBuilding (AptID, BuildingID) values (16, 2);
insert into ApartmentBuilding (AptID, BuildingID) values (17, 2);
insert into ApartmentBuilding (AptID, BuildingID) values (18, 2);
insert into ApartmentBuilding (AptID, BuildingID) values (19, 2);
insert into ApartmentBuilding (AptID, BuildingID) values (20, 3);
insert into ApartmentBuilding (AptID, BuildingID) values (21, 3);
insert into ApartmentBuilding (AptID, BuildingID) values (22, 3);
insert into ApartmentBuilding (AptID, BuildingID) values (23, 3);
insert into ApartmentBuilding (AptID, BuildingID) values (24, 3);
insert into ApartmentBuilding (AptID, BuildingID) values (25, 3);
insert into ApartmentBuilding (AptID, BuildingID) values (26, 3);
insert into ApartmentBuilding (AptID, BuildingID) values (27, 3);
insert into ApartmentBuilding (AptID, BuildingID) values (28, 3);
insert into ApartmentBuilding (AptID, BuildingID) values (29, 3);
insert into ApartmentBuilding (AptID, BuildingID) values (30, 4);
insert into ApartmentBuilding (AptID, BuildingID) values (31, 4);
insert into ApartmentBuilding (AptID, BuildingID) values (32, 4);
insert into ApartmentBuilding (AptID, BuildingID) values (33, 4);
insert into ApartmentBuilding (AptID, BuildingID) values (34, 4);
insert into ApartmentBuilding (AptID, BuildingID) values (35, 4);
insert into ApartmentBuilding (AptID, BuildingID) values (36, 4);
insert into ApartmentBuilding (AptID, BuildingID) values (37, 4);
insert into ApartmentBuilding (AptID, BuildingID) values (38, 4);
insert into ApartmentBuilding (AptID, BuildingID) values (39, 4);
insert into ApartmentBuilding (AptID, BuildingID) values (40, 5);
insert into ApartmentBuilding (AptID, BuildingID) values (41, 5);
insert into ApartmentBuilding (AptID, BuildingID) values (42, 5);
insert into ApartmentBuilding (AptID, BuildingID) values (43, 5);
insert into ApartmentBuilding (AptID, BuildingID) values (44, 5);
insert into ApartmentBuilding (AptID, BuildingID) values (45, 5);
insert into ApartmentBuilding (AptID, BuildingID) values (46, 5);
insert into ApartmentBuilding (AptID, BuildingID) values (47, 5);
insert into ApartmentBuilding (AptID, BuildingID) values (48, 5);
insert into ApartmentBuilding (AptID, BuildingID) values (49, 5);
insert into ApartmentBuilding (AptID, BuildingID) values(50,6);
insert into ApartmentBuilding (AptID, BuildingID) values(51,6);
insert into ApartmentBuilding (AptID, BuildingID) values(52,6);
insert into ApartmentBuilding (AptID, BuildingID) values(53,6);
insert into ApartmentBuilding (AptID, BuildingID) values(54,6);
insert into ApartmentBuilding (AptID, BuildingID) values(55,6);
insert into ApartmentBuilding (AptID, BuildingID) values(56,6);
insert into ApartmentBuilding (AptID, BuildingID) values(57,6);
insert into ApartmentBuilding (AptID, BuildingID) values(58,6);
insert into ApartmentBuilding (AptID, BuildingID) values(59,6);
insert into ApartmentBuilding (AptID, BuildingID) values(60,7);
insert into ApartmentBuilding (AptID, BuildingID) values(61,7);
insert into ApartmentBuilding (AptID, BuildingID) values(62,7);
insert into ApartmentBuilding (AptID, BuildingID) values(63,7);
insert into ApartmentBuilding (AptID, BuildingID) values(64,7);
insert into ApartmentBuilding (AptID, BuildingID) values(65,7);
insert into ApartmentBuilding (AptID, BuildingID) values(66,7);
insert into ApartmentBuilding (AptID, BuildingID) values(67,7);
insert into ApartmentBuilding (AptID, BuildingID) values(68,7);
insert into ApartmentBuilding (AptID, BuildingID) values(69,7);



insert into Lease (AptID, StartDate, Duration, Rent) values (1, '01/09/17', 12, 113.72);
insert into Lease (AptID, StartDate, Duration, Rent) values (2, '01/09/18', 12, 106.31);
insert into Lease (AptID, StartDate, Duration, Rent) values (3, '01/09/18', 24, 93.86);
insert into Lease (AptID, StartDate, Duration, Rent) values (4, '01/09/18', 24, 118.31);
insert into Lease (AptID, StartDate, Duration, Rent) values (5, '01/09/17', 24, 91.84);
insert into Lease (AptID, StartDate, Duration, Rent) values (6, '01/09/17', 24, 106.88);
insert into Lease (AptID, StartDate, Duration, Rent) values (7, '01/09/17', 24, 96.18);
insert into Lease (AptID, StartDate, Duration, Rent) values (8, '01/09/17', 36, 111.76);
insert into Lease (AptID, StartDate, Duration, Rent) values (9, '01/09/17', 12, 98.12);
insert into Lease (AptID, StartDate, Duration, Rent) values (10, '01/09/17', 36, 114.3);
insert into Lease (AptID, StartDate, Duration, Rent) values (11, '01/09/17', 36, 103.87);
insert into Lease (AptID, StartDate, Duration, Rent) values (12, '01/09/19', 36, 95.0);
insert into Lease (AptID, StartDate, Duration, Rent) values (13, '01/09/17', 24, 123.6);
insert into Lease (AptID, StartDate, Duration, Rent) values (14, '01/09/18', 12, 117.06);
insert into Lease (AptID, StartDate, Duration, Rent) values (15, '01/09/18', 24, 93.41);
insert into Lease (AptID, StartDate, Duration, Rent) values (16, '01/09/19', 24, 106.95);
insert into Lease (AptID, StartDate, Duration, Rent) values (17, '01/09/17', 24, 118.56);
insert into Lease (AptID, StartDate, Duration, Rent) values (18, '01/09/18', 36, 104.73);
insert into Lease (AptID, StartDate, Duration, Rent) values (19, '01/09/19', 24, 112.78);
insert into Lease (AptID, StartDate, Duration, Rent) values (20, '01/09/19', 36, 114.55);
insert into Lease (AptID, StartDate, Duration, Rent) values (21, '01/09/17', 12, 120.33);
insert into Lease (AptID, StartDate, Duration, Rent) values (22, '01/09/17', 36, 109.77);
insert into Lease (AptID, StartDate, Duration, Rent) values (23, '01/09/17', 12, 97.64);
insert into Lease (AptID, StartDate, Duration, Rent) values (24, '01/09/18', 36, 109.35);
insert into Lease (AptID, StartDate, Duration, Rent) values (25, '01/09/17', 24, 101.19);
insert into Lease (AptID, StartDate, Duration, Rent) values (26, '01/09/19', 24, 105.3);
insert into Lease (AptID, StartDate, Duration, Rent) values (27, '01/09/18', 36, 94.32);
insert into Lease (AptID, StartDate, Duration, Rent) values (28, '01/09/18', 12, 96.61);
insert into Lease (AptID, StartDate, Duration, Rent) values (29, '01/09/19', 12, 104.6);
insert into Lease (AptID, StartDate, Duration, Rent) values (30, '01/09/19', 24, 104.98);
insert into Lease (AptID, StartDate, Duration, Rent) values (31, '01/09/19', 36, 94.2);
insert into Lease (AptID, StartDate, Duration, Rent) values (32, '01/09/17', 22, 98.45);
insert into Lease (AptID, StartDate, Duration, Rent) values (33, '01/09/18', 36, 95.48);
insert into Lease (AptID, StartDate, Duration, Rent) values (34, '01/09/18', 12, 100.71);
insert into Lease (AptID, StartDate, Duration, Rent) values (35, '01/09/17', 12, 127.01);
insert into Lease (AptID, StartDate, Duration, Rent) values (36, '01/09/19', 24, 116.61);
insert into Lease (AptID, StartDate, Duration, Rent) values (37, '01/09/17', 12, 126.79);
insert into Lease (AptID, StartDate, Duration, Rent) values (38, '01/09/18', 36, 123.6);
insert into Lease (AptID, StartDate, Duration, Rent) values (39, '01/09/17', 12, 113.81);
insert into Lease (AptID, StartDate, Duration, Rent) values (40, '01/09/17', 12, 100.58);
insert into Lease (AptID, StartDate, Duration, Rent) values (41, '01/09/17', 12, 111.15);
insert into Lease (AptID, StartDate, Duration, Rent) values (42, '01/09/18', 12, 113.78);
insert into Lease (AptID, StartDate, Duration, Rent) values (43, '01/09/19', 24, 102.05);
insert into Lease (AptID, StartDate, Duration, Rent) values (44, '01/09/19', 36, 98.85);
insert into Lease (AptID, StartDate, Duration, Rent) values (45, '01/09/19', 12, 123.0);

insert into LeaseTenant (LeaseID, TenantID) values (1, 1);
insert into LeaseTenant (LeaseID, TenantID) values (2, 2);
insert into LeaseTenant (LeaseID, TenantID) values (3, 3);
insert into LeaseTenant (LeaseID, TenantID) values (4, 4);
insert into LeaseTenant (LeaseID, TenantID) values (5, 5);
insert into LeaseTenant (LeaseID, TenantID) values (6, 6);
insert into LeaseTenant (LeaseID, TenantID) values (7, 7);
insert into LeaseTenant (LeaseID, TenantID) values (8, 8);
insert into LeaseTenant (LeaseID, TenantID) values (9, 9);
insert into LeaseTenant (LeaseID, TenantID) values (10, 10);
insert into LeaseTenant (LeaseID, TenantID) values (11, 11);
insert into LeaseTenant (LeaseID, TenantID) values (12, 12);
insert into LeaseTenant (LeaseID, TenantID) values (13, 13);
insert into LeaseTenant (LeaseID, TenantID) values (14, 14);
insert into LeaseTenant (LeaseID, TenantID) values (15, 15);
insert into LeaseTenant (LeaseID, TenantID) values (16, 16);
insert into LeaseTenant (LeaseID, TenantID) values (17, 17);
insert into LeaseTenant (LeaseID, TenantID) values (18, 18);
insert into LeaseTenant (LeaseID, TenantID) values (19, 19);
insert into LeaseTenant (LeaseID, TenantID) values (20, 20);
insert into LeaseTenant (LeaseID, TenantID) values (21, 21);
insert into LeaseTenant (LeaseID, TenantID) values (22, 22);
insert into LeaseTenant (LeaseID, TenantID) values (23, 23);
insert into LeaseTenant (LeaseID, TenantID) values (24, 24);
insert into LeaseTenant (LeaseID, TenantID) values (25, 25);
insert into LeaseTenant (LeaseID, TenantID) values (26, 26);
insert into LeaseTenant (LeaseID, TenantID) values (27, 27);
insert into LeaseTenant (LeaseID, TenantID) values (28, 28);
insert into LeaseTenant (LeaseID, TenantID) values (29, 29);
insert into LeaseTenant (LeaseID, TenantID) values (30, 30);
insert into LeaseTenant (LeaseID, TenantID) values (31, 31);
insert into LeaseTenant (LeaseID, TenantID) values (32, 32);
insert into LeaseTenant (LeaseID, TenantID) values (33, 33);
insert into LeaseTenant (LeaseID, TenantID) values (34, 34);
insert into LeaseTenant (LeaseID, TenantID) values (35, 35);
insert into LeaseTenant (LeaseID, TenantID) values (36, 36);
insert into LeaseTenant (LeaseID, TenantID) values (37, 37);
insert into LeaseTenant (LeaseID, TenantID) values (38, 38);
insert into LeaseTenant (LeaseID, TenantID) values (39, 39);
insert into LeaseTenant (LeaseID, TenantID) values (40, 40);
insert into LeaseTenant (LeaseID, TenantID) values (41, 41);
insert into LeaseTenant (LeaseID, TenantID) values (42, 42);
insert into LeaseTenant (LeaseID, TenantID) values (43, 43);
insert into LeaseTenant (LeaseID, TenantID) values (44, 44);
insert into LeaseTenant (LeaseID, TenantID) values (45, 45);
insert into LeaseTenant (LeaseID, TenantID) values (1, 46);
insert into LeaseTenant (LeaseID, TenantID) values (2, 47);
insert into LeaseTenant (LeaseID, TenantID) values (3, 48);
insert into LeaseTenant (LeaseID, TenantID) values (4, 49);
insert into LeaseTenant (LeaseID, TenantID) values (5, 50);
insert into LeaseTenant (LeaseID, TenantID) values (6, 51);
insert into LeaseTenant (LeaseID, TenantID) values (7, 52);
insert into LeaseTenant (LeaseID, TenantID) values (8, 53);
insert into LeaseTenant (LeaseID, TenantID) values (9, 54);
insert into LeaseTenant (LeaseID, TenantID) values (10, 55);
insert into LeaseTenant (LeaseID, TenantID) values (11, 56);
insert into LeaseTenant (LeaseID, TenantID) values (12, 57);
insert into LeaseTenant (LeaseID, TenantID) values (13, 58);
insert into LeaseTenant (LeaseID, TenantID) values (14, 59);
insert into LeaseTenant (LeaseID, TenantID) values (15, 60);
insert into LeaseTenant (LeaseID, TenantID) values (16, 61);
insert into LeaseTenant (LeaseID, TenantID) values (17, 62);
insert into LeaseTenant (LeaseID, TenantID) values (18, 63);
insert into LeaseTenant (LeaseID, TenantID) values (19, 64);
insert into LeaseTenant (LeaseID, TenantID) values (20, 65);
insert into LeaseTenant (LeaseID, TenantID) values (21, 66);
insert into LeaseTenant (LeaseID, TenantID) values (22, 67);
insert into LeaseTenant (LeaseID, TenantID) values (23, 68);
insert into LeaseTenant (LeaseID, TenantID) values (24, 69);
insert into LeaseTenant (LeaseID, TenantID) values (25, 70);
insert into LeaseTenant (LeaseID, TenantID) values (26, 71);
insert into LeaseTenant (LeaseID, TenantID) values (27, 72);
insert into LeaseTenant (LeaseID, TenantID) values (28, 73);
insert into LeaseTenant (LeaseID, TenantID) values (29, 74);
insert into LeaseTenant (LeaseID, TenantID) values (30, 75);
insert into LeaseTenant (LeaseID, TenantID) values (31, 76);
insert into LeaseTenant (LeaseID, TenantID) values (32, 77);
insert into LeaseTenant (LeaseID, TenantID) values (33, 78);
insert into LeaseTenant (LeaseID, TenantID) values (34, 79);
insert into LeaseTenant (LeaseID, TenantID) values (35, 80);
insert into LeaseTenant (LeaseID, TenantID) values (36, 81);
insert into LeaseTenant (LeaseID, TenantID) values (37, 82);
insert into LeaseTenant (LeaseID, TenantID) values (38, 83);
insert into LeaseTenant (LeaseID, TenantID) values (39, 84);
insert into LeaseTenant (LeaseID, TenantID) values (40, 85);
insert into LeaseTenant (LeaseID, TenantID) values (41, 86);
insert into LeaseTenant (LeaseID, TenantID) values (42, 87);
insert into LeaseTenant (LeaseID, TenantID) values (43, 88);
insert into LeaseTenant (LeaseID, TenantID) values (44, 89);
insert into LeaseTenant (LeaseID, TenantID) values (45, 90);
insert into LeaseTenant (LeaseID, TenantID) values (1, 91);
insert into LeaseTenant (LeaseID, TenantID) values (2, 92);
insert into LeaseTenant (LeaseID, TenantID) values (3, 93);
insert into LeaseTenant (LeaseID, TenantID) values (4, 94);
insert into LeaseTenant (LeaseID, TenantID) values (5, 95);
insert into LeaseTenant (LeaseID, TenantID) values (6, 96);
insert into LeaseTenant (LeaseID, TenantID) values (7, 97);
insert into LeaseTenant (LeaseID, TenantID) values (8, 98);
insert into LeaseTenant (LeaseID, TenantID) values (9, 99);
insert into LeaseTenant (LeaseID, TenantID) values (10, 100);
insert into LeaseTenant (LeaseID, TenantID) values (11, 101);
insert into LeaseTenant (LeaseID, TenantID) values (12, 102);
insert into LeaseTenant (LeaseID, TenantID) values (13, 103);
insert into LeaseTenant (LeaseID, TenantID) values (14, 104);
insert into LeaseTenant (LeaseID, TenantID) values (15, 105);
insert into LeaseTenant (LeaseID, TenantID) values (16, 106);
insert into LeaseTenant (LeaseID, TenantID) values (17, 107);
insert into LeaseTenant (LeaseID, TenantID) values (18, 108);
insert into LeaseTenant (LeaseID, TenantID) values (19, 109);
insert into LeaseTenant (LeaseID, TenantID) values (20, 110);
insert into LeaseTenant (LeaseID, TenantID) values (21, 111);
insert into LeaseTenant (LeaseID, TenantID) values (22, 112);
insert into LeaseTenant (LeaseID, TenantID) values (23, 113);
insert into LeaseTenant (LeaseID, TenantID) values (24, 114);
insert into LeaseTenant (LeaseID, TenantID) values (25, 115);
insert into LeaseTenant (LeaseID, TenantID) values (26, 116);
insert into LeaseTenant (LeaseID, TenantID) values (27, 117);
insert into LeaseTenant (LeaseID, TenantID) values (28, 118);
insert into LeaseTenant (LeaseID, TenantID) values (29, 119);
insert into LeaseTenant (LeaseID, TenantID) values (30, 120);
insert into LeaseTenant (LeaseID, TenantID) values (31, 121);
insert into LeaseTenant (LeaseID, TenantID) values (32, 122);
insert into LeaseTenant (LeaseID, TenantID) values (33, 123);
insert into LeaseTenant (LeaseID, TenantID) values (34, 124);
insert into LeaseTenant (LeaseID, TenantID) values (35, 125);
insert into LeaseTenant (LeaseID, TenantID) values (36, 126);
insert into LeaseTenant (LeaseID, TenantID) values (37, 127);
insert into LeaseTenant (LeaseID, TenantID) values (38, 128);
insert into LeaseTenant (LeaseID, TenantID) values (39, 129);
insert into LeaseTenant (LeaseID, TenantID) values (40, 130);
insert into LeaseTenant (LeaseID, TenantID) values (41, 131);
insert into LeaseTenant (LeaseID, TenantID) values (42, 132);
insert into LeaseTenant (LeaseID, TenantID) values (43, 133);
insert into LeaseTenant (LeaseID, TenantID) values (44, 134);
insert into LeaseTenant (LeaseID, TenantID) values (45, 135);
insert into LeaseTenant (LeaseID, TenantID) values (1, 136);
insert into LeaseTenant (LeaseID, TenantID) values (2, 137);
insert into LeaseTenant (LeaseID, TenantID) values (3, 138);
insert into LeaseTenant (LeaseID, TenantID) values (4, 139);
insert into LeaseTenant (LeaseID, TenantID) values (5, 140);
insert into LeaseTenant (LeaseID, TenantID) values (6, 141);
insert into LeaseTenant (LeaseID, TenantID) values (7, 142);
insert into LeaseTenant (LeaseID, TenantID) values (8, 143);
insert into LeaseTenant (LeaseID, TenantID) values (9, 144);
insert into LeaseTenant (LeaseID, TenantID) values (10, 145);
insert into LeaseTenant (LeaseID, TenantID) values (11, 146);
insert into LeaseTenant (LeaseID, TenantID) values (12, 147);
insert into LeaseTenant (LeaseID, TenantID) values (13, 148);
insert into LeaseTenant (LeaseID, TenantID) values (14, 149);
insert into LeaseTenant (LeaseID, TenantID) values (15, 150);
insert into LeaseTenant (LeaseID, TenantID) values (16, 151);
insert into LeaseTenant (LeaseID, TenantID) values (17, 152);
insert into LeaseTenant (LeaseID, TenantID) values (18, 153);
insert into LeaseTenant (LeaseID, TenantID) values (19, 154);
insert into LeaseTenant (LeaseID, TenantID) values (20, 155);
insert into LeaseTenant (LeaseID, TenantID) values (21, 156);
insert into LeaseTenant (LeaseID, TenantID) values (22, 157);
insert into LeaseTenant (LeaseID, TenantID) values (23, 158);
insert into LeaseTenant (LeaseID, TenantID) values (24, 159);
insert into LeaseTenant (LeaseID, TenantID) values (25, 160);
insert into LeaseTenant (LeaseID, TenantID) values (26, 161);
insert into LeaseTenant (LeaseID, TenantID) values (27, 162);
insert into LeaseTenant (LeaseID, TenantID) values (28, 163);
insert into LeaseTenant (LeaseID, TenantID) values (29, 164);
insert into LeaseTenant (LeaseID, TenantID) values (30, 165);
insert into LeaseTenant (LeaseID, TenantID) values (31, 166);
insert into LeaseTenant (LeaseID, TenantID) values (32, 167);
insert into LeaseTenant (LeaseID, TenantID) values (33, 168);
insert into LeaseTenant (LeaseID, TenantID) values (34, 169);
insert into LeaseTenant (LeaseID, TenantID) values (35, 170);
insert into LeaseTenant (LeaseID, TenantID) values (36, 171);
insert into LeaseTenant (LeaseID, TenantID) values (37, 172);
insert into LeaseTenant (LeaseID, TenantID) values (38, 173);
insert into LeaseTenant (LeaseID, TenantID) values (39, 174);
insert into LeaseTenant (LeaseID, TenantID) values (40, 175);
insert into LeaseTenant (LeaseID, TenantID) values (41, 176);
insert into LeaseTenant (LeaseID, TenantID) values (42, 177);
insert into LeaseTenant (LeaseID, TenantID) values (43, 178);
insert into LeaseTenant (LeaseID, TenantID) values (44, 179);
insert into LeaseTenant (LeaseID, TenantID) values (45, 180);
insert into LeaseTenant (LeaseID, TenantID) values (1, 181);
insert into LeaseTenant (LeaseID, TenantID) values (2, 182);
insert into LeaseTenant (LeaseID, TenantID) values (3, 183);
insert into LeaseTenant (LeaseID, TenantID) values (4, 184);
insert into LeaseTenant (LeaseID, TenantID) values (5, 185);
insert into LeaseTenant (LeaseID, TenantID) values (6, 186);
insert into LeaseTenant (LeaseID, TenantID) values (7, 187);
insert into LeaseTenant (LeaseID, TenantID) values (8, 188);
insert into LeaseTenant (LeaseID, TenantID) values (9, 189);
insert into LeaseTenant (LeaseID, TenantID) values (10, 190);
insert into LeaseTenant (LeaseID, TenantID) values (11, 191);
insert into LeaseTenant (LeaseID, TenantID) values (12, 192);
insert into LeaseTenant (LeaseID, TenantID) values (13, 193);
insert into LeaseTenant (LeaseID, TenantID) values (14, 194);
insert into LeaseTenant (LeaseID, TenantID) values (15, 195);
insert into LeaseTenant (LeaseID, TenantID) values (16, 196);
insert into LeaseTenant (LeaseID, TenantID) values (17, 197);
insert into LeaseTenant (LeaseID, TenantID) values (18, 198);
insert into LeaseTenant (LeaseID, TenantID) values (19, 199);
insert into LeaseTenant (LeaseID, TenantID) values (20, 200);
insert into LeaseTenant (LeaseID, TenantID) values (21, 201);
insert into LeaseTenant (LeaseID, TenantID) values (22, 202);
insert into LeaseTenant (LeaseID, TenantID) values (23, 203);
insert into LeaseTenant (LeaseID, TenantID) values (24, 204);
insert into LeaseTenant (LeaseID, TenantID) values (25, 205);
insert into LeaseTenant (LeaseID, TenantID) values (26, 206);
insert into LeaseTenant (LeaseID, TenantID) values (27, 207);
insert into LeaseTenant (LeaseID, TenantID) values (28, 208);
insert into LeaseTenant (LeaseID, TenantID) values (29, 209);
insert into LeaseTenant (LeaseID, TenantID) values (30, 210);
insert into LeaseTenant (LeaseID, TenantID) values (31, 211);
insert into LeaseTenant (LeaseID, TenantID) values (32, 212);
insert into LeaseTenant (LeaseID, TenantID) values (33, 213);
insert into LeaseTenant (LeaseID, TenantID) values (34, 214);
insert into LeaseTenant (LeaseID, TenantID) values (35, 215);
insert into LeaseTenant (LeaseID, TenantID) values (36, 216);
insert into LeaseTenant (LeaseID, TenantID) values (37, 217);
insert into LeaseTenant (LeaseID, TenantID) values (38, 218);
insert into LeaseTenant (LeaseID, TenantID) values (39, 219);
insert into LeaseTenant (LeaseID, TenantID) values (40, 220);




insert into LeaseManager (LeaseID, ManagerID) values (1, 1);
insert into LeaseManager (LeaseID, ManagerID) values (2, 2);
insert into LeaseManager (LeaseID, ManagerID) values (3, 3);
insert into LeaseManager (LeaseID, ManagerID) values (4, 4);
insert into LeaseManager (LeaseID, ManagerID) values (5, 5);
insert into LeaseManager (LeaseID, ManagerID) values (6, 6);
insert into LeaseManager (LeaseID, ManagerID) values (7, 7);
insert into LeaseManager (LeaseID, ManagerID) values (8, 8);
insert into LeaseManager (LeaseID, ManagerID) values (9, 9);
insert into LeaseManager (LeaseID, ManagerID) values (10, 10);
insert into LeaseManager (LeaseID, ManagerID) values (11, 11);
insert into LeaseManager (LeaseID, ManagerID) values (12, 12);
insert into LeaseManager (LeaseID, ManagerID) values (13, 13);
insert into LeaseManager (LeaseID, ManagerID) values (14, 14);
insert into LeaseManager (LeaseID, ManagerID) values (15, 15);
insert into LeaseManager (LeaseID, ManagerID) values (16, 16);
insert into LeaseManager (LeaseID, ManagerID) values (17, 17);
insert into LeaseManager (LeaseID, ManagerID) values (18, 18);
insert into LeaseManager (LeaseID, ManagerID) values (19, 19);
insert into LeaseManager (LeaseID, ManagerID) values (20, 20);
insert into LeaseManager (LeaseID, ManagerID) values (21, 21);
insert into LeaseManager (LeaseID, ManagerID) values (22, 22);
insert into LeaseManager (LeaseID, ManagerID) values (23, 23);
insert into LeaseManager (LeaseID, ManagerID) values (24, 24);
insert into LeaseManager (LeaseID, ManagerID) values (25, 25);
insert into LeaseManager (LeaseID, ManagerID) values (26, 26);
insert into LeaseManager (LeaseID, ManagerID) values (27, 27);
insert into LeaseManager (LeaseID, ManagerID) values (28, 28);
insert into LeaseManager (LeaseID, ManagerID) values (29, 29);
insert into LeaseManager (LeaseID, ManagerID) values (30, 30);
